head_area,head_perimeter,tail_length,motility_score,morphology_class
34.98,19.3,34.64,0.403,Abnormal
31.17,21.42,44.63,0.29,Low_Motility
35.89,18.83,45.22,0.382,Abnormal
41.14,20.77,50.67,0.261,Normal
30.6,14.43,28.6,0.912,Amorphous
30.6,22.85,52.11,0.457,Amorphous
41.48,22,12.55,0.321,Pyriform
36.6,18.73,37.44,0.504,Low_Motility
29.18,24.64,39.14,0.388,Tapered
35.26,25.75,52.6,0.77,Tapered
29.22,15.57,45.27,0.974,Normal
29.21,18.95,28.13,0.494,Abnormal
33.45,18.92,33.18,0.875,Normal
20.52,18.24,47.38,0.609,Amorphous
21.65,25.32,44.05,0.242,Short_Tail
28.63,21.22,38.05,0.722,Short_Tail
25.92,20.94,39.23,0.562,Short_Tail
33.89,13.98,53.35,0.686,Abnormal
26.55,24.54,38.79,0.901,Normal
23.53,17.04,43.94,0.496,Low_Motility
40.79,22.24,71.04,0.911,Pyriform
30.65,23.11,27.92,0.776,Amorphous
32.41,27.44,22.78,0.54,Short_Tail
23.45,16.76,54.4,0.643,Low_Motility
28.73,10,36.86,0.393,Tapered
32.67,22.74,41.18,0.985,Normal
25.09,29.2,35.63,0.701,Amorphous
34.25,26.96,41.88,0.139,Amorphous
28.4,22.84,64.18,0.394,Tapered
30.25,20.03,54.63,0.661,Tapered
28.39,25.23,55.35,0.151,Tapered
43.11,18.11,28.01,0.121,Short_Tail
31.92,23.91,31.19,0.505,Short_Tail
25.65,24.02,10.93,0.399,Normal
36.94,26.24,35.29,0.494,Tapered
24.67,33.04,56.48,0.336,Pyriform
33.25,23.57,51.2,0.248,Amorphous
20.24,19.96,42.34,0.72,Tapered
24.03,21.9,44.73,0.563,Amorphous
33.18,14.92,36.73,0.28,Abnormal
36.43,19.22,47.46,0.388,Low_Motility
33.03,20.36,54.19,0.633,Abnormal
31.31,19.9,25.61,0.165,Tapered
30.19,22.61,48.6,0.233,Amorphous
23.13,18.71,56.19,0.166,Low_Motility
27.68,26.48,40.02,0.831,Abnormal
29.24,22,53.41,0.777,Tapered
38.34,21.96,78.78,0.778,Amorphous
34.06,20.69,43.75,0.745,Tapered
21.42,22.62,49.72,0.702,Short_Tail
33.94,25.3,36.14,0.529,Amorphous
29.69,18.53,47.18,0.678,Abnormal
27.94,19.37,50.52,0.135,Tapered
35.67,20.79,47.34,0.659,Abnormal
38.19,16.62,32.76,0.8,Tapered
37.59,18.72,47.48,0.55,Normal
26.96,20.1,62.55,0.422,Abnormal
30.14,25.5,50.38,0.35,Abnormal
33.99,23.05,56.54,0.679,Pyriform
37.85,22.77,42.16,0.724,Low_Motility
29.12,25.4,54,0.884,Short_Tail
30.89,21.45,48.35,0.408,Abnormal
25.36,23.56,33.59,0.793,Amorphous
24.82,21.59,48.82,0.605,Low_Motility
36.88,23.06,33.1,0.895,Tapered
40.14,19.67,37.41,0.575,Normal
31.57,12.24,47.27,0.566,Amorphous
38.02,21.46,48.57,0.62,Low_Motility
34.17,27.69,30.73,0.774,Amorphous
28.13,25.7,57.65,0.968,Amorphous
34.17,25.86,51.86,0.166,Amorphous
41.23,26.94,36.54,0.148,Low_Motility
31.79,22.35,26.55,0.944,Normal
41.39,22.79,43.26,0.577,Pyriform
16.28,19.53,39.65,0.653,Short_Tail
36.93,20.74,46.36,0.534,Abnormal
32.52,24.46,40.64,0.184,Low_Motility
30.21,26.82,20.91,0.791,Amorphous
32.55,21.44,40.34,0.773,Abnormal
20.07,20.2,41.33,0.381,Low_Motility
30.68,22,52.6,0.376,Abnormal
34.14,24.4,36.62,0.854,Amorphous
40.87,16.22,65.14,0.165,Pyriform
28.89,12.82,22.06,0.893,Low_Motility
27.15,19.8,60.73,0.331,Abnormal
28.99,17.12,42.31,0.634,Tapered
37.49,19.97,55.32,0.942,Abnormal
33.97,21.41,45.96,0.71,Short_Tail
28.82,20.19,58.67,0.473,Amorphous
35.08,27.81,40.35,0.721,Normal
32.58,23.31,31.82,0.41,Abnormal
37.81,23.2,62.05,0.35,Pyriform
27.79,24.49,43.64,0.997,Tapered
30.03,17.44,47.66,0.776,Tapered
29.65,26.16,59.82,0.68,Normal
23.22,21.7,32.62,0.42,Short_Tail
33.78,24.68,52.15,0.144,Normal
33.57,17.71,37.92,0.128,Short_Tail
32.03,15.78,43.41,0.599,Abnormal
30.59,25.27,45.87,0.786,Amorphous
23.51,23.51,27,0.584,Pyriform
29.48,18.39,35.65,0.857,Tapered
29.94,18.52,61.21,0.13,Normal
27.19,26.5,55.63,0.43,Pyriform
31.03,17.24,44.25,0.313,Short_Tail
34.42,28.57,47.92,0.503,Amorphous
43.32,18.4,41.47,0.165,Tapered
33.05,24.55,61.28,0.959,Tapered
33.55,20.69,42.6,0.301,Short_Tail
31.55,24.41,47.78,0.93,Amorphous
20.49,19.82,58.75,0.483,Tapered
31.84,21.35,35.67,0.987,Amorphous
32.36,22.16,63.71,0.599,Tapered
46.78,17.99,26.63,0.938,Abnormal
30.85,24.96,64.56,0.105,Short_Tail
33.81,19.95,40.53,0.773,Amorphous
31.79,21.09,42.09,0.913,Pyriform
24.99,18.02,22.32,0.226,Abnormal
38.86,11.75,39.54,0.187,Low_Motility
36.51,21.24,32.52,0.482,Pyriform
36.75,31.65,37.71,0.94,Short_Tail
26.54,25.14,43.35,0.588,Tapered
40.42,21.92,56.49,0.575,Low_Motility
23.59,20.95,47.49,0.227,Pyriform
35.52,22.09,48.69,0.101,Abnormal
45.14,24.19,31.85,0.829,Low_Motility
26.06,17.28,34.43,0.179,Low_Motility
28.6,26.46,66.58,0.67,Amorphous
32.6,24.86,36.18,0.923,Normal
28.98,24.87,64.87,0.288,Pyriform
22.7,23.75,42.08,0.699,Normal
32.41,22.08,45.03,0.171,Short_Tail
25.63,24.69,57.84,0.643,Pyriform
34.84,24.37,60.26,0.248,Pyriform
26.48,20.58,43.67,0.762,Amorphous
41.3,19.71,40.34,0.371,Tapered
27.3,22.41,44.33,0.517,Abnormal
30.07,28.2,49.06,0.639,Abnormal
36.88,17.04,55.7,0.254,Abnormal
24.61,16.13,45.05,0.767,Short_Tail
33.36,22.66,52.43,0.372,Low_Motility
39.84,22.2,64.66,0.696,Tapered
22.36,22.69,49.58,0.242,Normal
33.11,22.98,48.74,0.719,Abnormal
33.56,21.11,26.77,0.215,Normal
36.69,27.96,13.43,0.483,Tapered
24.58,15.6,49.66,0.322,Short_Tail
24.08,18.69,43.86,0.774,Tapered
35.13,21.59,38.82,0.336,Amorphous
33.78,15.43,47.92,0.894,Low_Motility
33.5,21.3,44.28,0.903,Abnormal
34.08,28.65,58.53,0.277,Short_Tail
27.92,22.08,46.03,0.652,Amorphous
33.39,22.92,36.04,0.179,Abnormal
33.76,16.96,56.88,0.452,Tapered
27.71,19.53,42.39,0.742,Tapered
43.19,20.5,51.32,0.693,Pyriform
34.84,20.73,39.27,0.662,Pyriform
24.85,27.13,37.2,0.354,Tapered
35.94,24.23,46.01,0.44,Tapered
26.15,17.55,45.15,0.193,Normal
36.72,22.99,50.76,0.747,Low_Motility
38.95,23.99,41.78,0.553,Normal
27.08,26.56,22.96,0.738,Low_Motility
37.78,28.32,39.81,0.324,Amorphous
34.48,17.94,54.53,0.392,Pyriform
36.93,18.76,41.43,0.401,Pyriform
43.38,16.97,42.04,0.123,Tapered
30.53,21.06,56.84,0.407,Tapered
27.48,23.87,36.46,0.823,Amorphous
26.66,25.95,26.49,0.908,Short_Tail
27.11,21.7,43.07,0.566,Short_Tail
31.54,20.72,39.19,0.51,Short_Tail
34.05,22.61,33.41,0.128,Pyriform
33.66,18.66,42.9,0.891,Normal
36.96,30.36,50.9,0.112,Short_Tail
32.08,15.57,44.89,0.95,Abnormal
40.72,22.74,48.68,0.54,Amorphous
30.41,30.09,66.76,0.408,Short_Tail
48.32,22.03,40.89,0.932,Abnormal
35.75,21.24,48.34,0.122,Short_Tail
26.86,20.57,38.89,0.623,Normal
25.57,21.28,34.84,0.594,Normal
34.89,27.49,37.98,0.297,Short_Tail
30.66,13.15,39.25,0.486,Abnormal
36.28,28.13,49.31,0.687,Amorphous
34.84,16.3,73.19,0.754,Abnormal
31.56,20.93,36.41,0.101,Amorphous
26.92,20.28,40,0.943,Short_Tail
22.91,24.35,44.24,0.248,Amorphous
29.32,15.61,49.75,0.31,Tapered
37.14,23.85,48.16,0.337,Pyriform
33.28,30.1,60.41,0.134,Low_Motility
24.53,16.55,15.88,0.211,Pyriform
33.04,22.76,16.36,0.988,Normal
34.31,19.35,39.05,0.384,Tapered
26.7,23.7,58.17,0.204,Pyriform
32.92,22.08,26.21,0.196,Short_Tail
32.35,19.43,10,0.748,Amorphous
25.14,23.95,51.85,0.869,Amorphous
34.15,29.22,47.92,0.331,Abnormal
35.36,21.24,31.92,0.119,Abnormal
38.5,24.88,33.17,0.301,Amorphous
38.32,16.83,33.36,0.151,Short_Tail
23.73,18.17,46.33,0.193,Amorphous
26.37,23.89,37.48,0.488,Abnormal
35.09,27.94,50.93,0.307,Pyriform
35.08,23.42,10.74,0.564,Normal
35.09,20.75,34.72,0.328,Abnormal
55.12,22,31.49,0.946,Short_Tail
35.43,17,41.92,0.915,Pyriform
38.81,24.42,38.54,0.61,Pyriform
37.72,25.53,54.57,0.419,Pyriform
35.91,20.19,22.69,0.443,Tapered
30.11,20.12,45.55,0.471,Tapered
36.55,23.06,51.7,0.755,Low_Motility
27.36,20.25,67.28,0.506,Pyriform
30.58,21.74,39.22,0.871,Short_Tail
29.09,30.4,48.89,0.95,Amorphous
32.49,21.01,23.35,0.402,Short_Tail
45.89,20.57,16.3,0.605,Tapered
20.8,19.41,55.14,0.186,Abnormal
36.12,24.98,44.93,0.28,Low_Motility
22.32,21.28,59.14,0.472,Tapered
29.17,19.4,28.52,0.286,Amorphous
38.53,27.29,51.24,0.889,Normal
32.39,27.68,67.43,0.242,Low_Motility
25.53,19.6,50.04,0.51,Tapered
27.71,14.53,48.32,0.645,Short_Tail
36.08,26.03,45.1,0.723,Low_Motility
27.62,19.26,26.15,0.445,Short_Tail
33.3,25.16,61.27,0.882,Pyriform
32.27,14.12,37.67,0.611,Pyriform
28.09,25.57,51.05,0.496,Pyriform
44.86,17.16,26.24,0.161,Low_Motility
35.8,24.92,30.85,0.518,Normal
19.85,22.06,62.22,0.839,Amorphous
33.12,18.18,40.83,0.653,Low_Motility
28.03,20.37,62.44,0.849,Abnormal
37.11,24.75,44.06,0.545,Short_Tail
27.24,22.42,22.9,0.207,Short_Tail
31.31,24.34,55.7,0.112,Low_Motility
35.03,29.91,37.92,0.373,Low_Motility
37.19,15.74,53.38,0.728,Amorphous
24.8,28.47,45.3,0.811,Normal
29.99,22.42,26.48,0.366,Low_Motility
29.15,18.4,46.97,0.546,Pyriform
28.08,16.68,71.35,0.479,Amorphous
42.59,21.24,50.92,0.469,Abnormal
34.43,25.69,44.31,0.308,Pyriform
24.43,21.49,57.9,0.223,Abnormal
37.51,28.04,47.53,0.277,Tapered
44.73,16.2,47.51,0.15,Abnormal
38.19,21.95,31.9,0.278,Pyriform
22.88,16.99,47.81,0.108,Tapered
29.09,23.45,57.43,0.665,Pyriform
39.6,25.55,34.97,0.385,Short_Tail
27.75,20.32,62.09,0.976,Pyriform
34.66,11.58,43.9,0.274,Tapered
36.65,22.8,34.35,0.411,Abnormal
26.44,23.75,56.97,0.422,Short_Tail
31.64,23.62,41.56,0.108,Normal
15,26.94,54.11,0.855,Normal
25.85,17.72,41.5,0.129,Normal
30.48,24.72,44.28,0.946,Normal
24.51,26.77,50.92,0.903,Amorphous
41.79,14.89,48.49,0.582,Normal
23.42,23.28,21.05,0.589,Tapered
29.36,19.98,31.55,0.688,Low_Motility
32.78,21.67,56.15,0.448,Normal
40.65,23.39,43.41,0.683,Pyriform
23.38,20.05,38.72,0.14,Low_Motility
38.98,19.3,28.7,0.149,Normal
32.06,22.14,32.04,0.512,Low_Motility
26.11,17.65,20.74,0.595,Abnormal
34.77,17.66,43.78,0.899,Tapered
33.19,24.72,37.82,0.194,Tapered
28.4,17.4,33.4,0.84,Low_Motility
32.42,24.67,44.18,0.289,Short_Tail
29.69,23.85,49.37,0.455,Amorphous
32.68,15.1,70.12,0.385,Pyriform
35.97,19.29,26.86,0.46,Low_Motility
41.52,26.78,58.91,0.235,Tapered
24.57,18.08,56.68,0.553,Abnormal
44.8,20.14,35.65,0.821,Normal
20.29,23.85,47.44,0.497,Tapered
31.09,25.13,39.51,0.542,Abnormal
35.53,20.99,47.23,0.864,Normal
33.69,19.61,63.11,0.735,Amorphous
28.26,27.69,52.27,0.541,Tapered
30.75,28.96,51.1,0.332,Tapered
29.04,25.92,39.84,0.896,Low_Motility
28.46,22.34,27.19,0.619,Low_Motility
37.1,18.77,42.5,0.299,Abnormal
34.14,18.68,59.48,0.342,Short_Tail
27.84,24.09,26.67,0.823,Low_Motility
37.4,23.67,32.34,0.14,Pyriform
33.84,27.61,46.52,0.993,Amorphous
36.88,24.6,33.18,0.217,Pyriform
35.78,15.99,35.49,0.816,Tapered
27.03,26.21,39.92,0.455,Pyriform
28.64,18.01,28.61,0.543,Normal
36.48,20.46,33.31,0.893,Amorphous
35.66,23,53.44,0.472,Pyriform
31.87,29.98,29.31,0.584,Normal
32.7,34.44,25.83,0.144,Abnormal
39.67,24.43,37.44,0.102,Pyriform
28.45,21.27,53.78,0.32,Amorphous
35.28,24.14,42.64,0.713,Normal
30.79,25.55,39.43,0.209,Pyriform
30.69,20.72,45.53,0.202,Abnormal
38.59,29.18,24.05,0.47,Pyriform
36.95,22.92,50.94,0.683,Normal
36.88,23.99,49.6,0.741,Pyriform
39.83,24.66,40.09,0.261,Amorphous
32.13,23.69,57.07,0.172,Tapered
36.09,25.36,31.47,0.946,Normal
30.14,19.53,58.53,0.335,Normal
33.94,19.77,46.85,0.868,Normal
31.22,17.6,40.96,0.877,Normal
32.58,23.76,44.76,0.795,Pyriform
35.57,25.12,43.71,0.252,Amorphous
27.09,23.83,59.64,0.84,Abnormal
44.55,28.7,32.08,0.792,Amorphous
25.96,21.98,35.85,0.637,Normal
24.71,24.67,57.44,0.403,Short_Tail
38.95,17.63,37.85,0.336,Pyriform
36.75,20.45,55.81,0.21,Short_Tail
35.74,24.78,65.39,0.559,Pyriform
35.77,25.4,40.18,0.627,Normal
31.93,20.82,53.18,0.423,Pyriform
26.62,21.71,31.16,0.528,Normal
32.45,15.93,54.06,0.427,Amorphous
27.94,20.57,47.39,0.677,Low_Motility
37.85,25.56,50.68,0.911,Tapered
31.12,24.3,37.25,0.248,Pyriform
27.05,24,25.07,0.443,Normal
30.07,22.2,51.04,0.227,Short_Tail
34.48,22.03,20.24,0.662,Normal
28.62,19.36,41.19,0.756,Short_Tail
27.07,24.8,56.29,0.939,Pyriform
33.46,23.68,47.3,0.351,Abnormal
33.47,23.97,68.38,0.955,Short_Tail
28.96,19.9,57.3,0.157,Normal
29.17,13.39,37.15,0.643,Pyriform
33.39,26.39,45.33,0.151,Normal
23.31,20.08,44.43,0.904,Abnormal
23.56,18.55,26.01,0.577,Tapered
27.69,24.77,33.72,0.702,Low_Motility
30.72,20.43,38.27,0.848,Low_Motility
33.87,26.24,20.57,0.235,Abnormal
40.85,24.47,45.57,0.135,Amorphous
37.15,24.73,42.01,0.891,Pyriform
31.04,16.54,24.93,0.383,Abnormal
31.89,26.85,49.85,0.216,Tapered
25.98,23.05,53.59,0.522,Normal
31.89,20.52,47.72,0.638,Pyriform
30.27,22.57,41.11,0.128,Short_Tail
33.94,14.9,52.1,0.347,Abnormal
27.04,23.63,53.16,0.13,Tapered
35.12,17.88,48.69,0.478,Abnormal
41.2,16.59,35.1,0.906,Amorphous
31.35,15.91,48.32,0.984,Low_Motility
34.41,26.45,59.35,0.673,Low_Motility
36.14,19.48,37.84,0.245,Pyriform
29.59,28.13,70.18,0.915,Normal
33.34,19.86,38.69,0.565,Tapered
32.08,15.17,45.39,0.238,Abnormal
32.59,17.53,36.93,0.93,Pyriform
27.36,26.94,47.68,0.782,Abnormal
32.15,21.38,24.09,0.759,Pyriform
34.99,19.81,38.45,0.738,Low_Motility
40.71,22.64,31.89,0.28,Amorphous
37.76,24.01,46.62,0.29,Abnormal
44.92,26.47,56.93,0.719,Amorphous
27.4,27.79,52.75,0.298,Short_Tail
37.23,20.56,16.54,0.495,Short_Tail
33.1,16.7,69.5,0.804,Low_Motility
45.14,20.35,48.54,0.806,Tapered
27.15,23.04,35.68,0.508,Amorphous
26.96,18.14,46.89,0.813,Pyriform
28.4,18.17,47.11,0.855,Tapered
19.26,23.38,37,0.689,Abnormal
28.85,21.81,47.38,0.306,Abnormal
27.45,22.13,37.71,0.347,Pyriform
32.9,18.97,40.15,0.383,Normal
34.05,21.08,36.76,0.205,Normal
43.26,18.3,27.81,0.346,Abnormal
37.7,25.56,46.75,0.289,Low_Motility
28.54,26.14,52.02,0.51,Low_Motility
26.61,14.62,51.18,0.918,Pyriform
34.95,18.28,54.84,0.194,Normal
24.08,16.01,48.89,0.748,Amorphous
42.99,19.4,38.61,0.719,Abnormal
39.08,21.67,55.08,0.186,Short_Tail
29.18,16.2,28.71,0.93,Amorphous
21.72,18.31,34.19,0.612,Pyriform
40.12,17.98,33.43,0.427,Short_Tail
31.31,22.83,57.96,0.781,Amorphous
39.43,22.28,56.31,0.332,Normal
22.43,19.11,50.85,0.724,Low_Motility
28.4,22.71,57.86,0.136,Normal
32.03,19.81,34.45,0.855,Short_Tail
32.28,20.91,49.18,0.503,Tapered
29.3,28.69,43.5,0.673,Low_Motility
35.74,27.36,55.16,0.299,Abnormal
25.59,16.8,43.62,0.709,Short_Tail
31.15,25.32,40.38,0.795,Pyriform
32.72,25.25,51.49,0.526,Abnormal
35.09,17.41,55.51,0.656,Amorphous
36.27,25.28,36.98,0.511,Low_Motility
25.25,28.15,44.27,0.905,Pyriform
22.8,17.51,32.3,0.548,Pyriform
39.67,18.33,15.02,0.858,Normal
33.99,26.07,47.41,0.821,Amorphous
27.51,23.09,52.31,0.469,Normal
41.31,24.21,48.14,0.307,Normal
32.69,23.36,21.61,0.465,Low_Motility
39.08,23.56,40.79,0.844,Tapered
32.41,16.69,18.38,0.305,Normal
44.36,26.19,61.44,0.572,Abnormal
42.53,26.68,31.97,0.825,Pyriform
30.51,21.08,60.06,0.418,Low_Motility
37.83,21.83,56.35,0.678,Normal
35.87,15.88,34.19,0.321,Short_Tail
40.21,24.06,31.41,0.198,Abnormal
26.21,24.29,49.2,0.815,Amorphous
36.12,21.75,34.87,0.189,Pyriform
38.35,26.5,46.23,0.344,Low_Motility
21.45,20.66,39.21,0.87,Short_Tail
24.9,24.26,23.63,0.412,Low_Motility
19.76,17.92,18.23,0.976,Low_Motility
30.38,21.91,47.72,0.982,Short_Tail
36.31,21.3,38.26,0.341,Amorphous
41.01,22.9,38.36,0.137,Short_Tail
32.44,20.52,53.35,0.735,Abnormal
41.77,21.47,59.08,0.506,Low_Motility
23.72,25.3,41.73,0.191,Amorphous
21.78,20.25,40.91,0.737,Low_Motility
31.67,15.57,51,0.128,Short_Tail
34.3,29,28.72,0.883,Amorphous
31.8,27.53,47.68,0.225,Amorphous
19.6,16.83,51.62,0.215,Normal
31.47,24.76,53.16,0.258,Normal
24.17,19.99,21.76,0.964,Normal
36.02,23.05,35.86,0.724,Short_Tail
34.2,23.18,34.46,0.821,Pyriform
26.36,21.06,46.2,0.458,Abnormal
28.92,18.86,50.77,0.403,Short_Tail
25.64,19.24,62.96,0.311,Low_Motility
31.62,18.34,39.06,0.533,Normal
37.73,18.67,39.03,0.597,Amorphous
26.09,21.73,58.8,0.669,Short_Tail
35.02,19.14,48.56,0.331,Amorphous
28.82,24.73,60.21,0.954,Low_Motility
27.24,27.95,48.46,0.253,Amorphous
31.36,19.68,31.11,0.969,Amorphous
25.79,22.96,29,0.113,Tapered
28.68,24,26.38,0.533,Pyriform
24.81,23.89,52.94,0.4,Abnormal
43.79,22.3,59.26,0.504,Abnormal
32.21,24.97,67.19,0.614,Normal
27.8,23.93,55.12,0.492,Tapered
33.28,17.05,58.95,0.473,Short_Tail
31.33,25.48,38.04,0.759,Short_Tail
30.67,25.55,31.12,0.717,Abnormal
35.69,18.95,55.2,0.85,Pyriform
36.55,22.15,50.01,0.325,Amorphous
28.82,24.73,46.29,0.649,Low_Motility
28.55,21.16,49.65,0.627,Normal
30.35,26.29,48.88,0.433,Pyriform
18.19,31.46,60.41,0.537,Abnormal
22.91,18.86,60.54,0.382,Tapered
40.2,16.48,51.53,0.228,Normal
41.87,23.22,55.15,0.292,Abnormal
30.51,24.89,51.17,0.195,Short_Tail
35.46,21.08,39.47,0.715,Normal
33.87,27.81,54.08,0.695,Abnormal
50.47,16.65,28.27,0.956,Short_Tail
38.72,24.77,57.65,0.757,Low_Motility
31.23,19.58,30.67,0.147,Short_Tail
26.27,28.88,48.43,0.896,Amorphous
22.36,29.97,34.86,0.876,Tapered
33.22,18.93,51.64,0.499,Amorphous
27.46,19.8,44.59,0.627,Abnormal
23.47,25.44,25.86,0.978,Low_Motility
28.12,20.45,50.05,0.579,Pyriform
25.51,21.82,38.06,0.915,Low_Motility
42.12,22.1,55.57,0.175,Low_Motility
37.29,14.32,45.02,0.272,Low_Motility
31.95,21.94,49.75,0.497,Amorphous
40.88,19.24,33.51,0.626,Pyriform
32.46,20.03,37.93,0.835,Short_Tail
26.83,27.77,39.5,0.989,Abnormal
41.14,16.97,55.28,0.45,Tapered
35.23,25.25,65.13,0.143,Pyriform
25.78,20.88,35.34,0.821,Abnormal
30.86,20.88,57.92,0.644,Pyriform
26.75,25.16,18.96,0.279,Amorphous
23.7,23.36,30.67,0.545,Abnormal
37.56,24.28,33.49,0.768,Amorphous
43.46,25.87,28.77,0.793,Normal
23.61,20.67,26,0.55,Abnormal
35.38,19.55,49.96,0.375,Pyriform
28.1,17.66,42.43,0.976,Normal
29.08,18.7,49.55,0.697,Amorphous
28.45,33.8,53.29,0.467,Amorphous
26.82,26.98,48.19,0.352,Pyriform
32.29,16.6,52.89,0.758,Normal
27.01,16.71,44.17,0.318,Low_Motility
33.62,23.93,30.76,0.255,Short_Tail
31.7,24.19,57.69,0.577,Tapered
30.57,24.2,37.93,0.361,Pyriform
26.55,20.98,33.77,0.666,Amorphous
28.54,21.5,42.86,0.206,Abnormal
36.53,23.31,34.05,0.689,Normal
35.01,22.34,39.99,0.355,Short_Tail
26.13,13.12,49.13,0.1,Tapered
32.6,21.08,49.18,0.214,Abnormal
36.51,18.59,34.23,0.94,Normal
21.98,22.7,39.15,0.881,Short_Tail
35.26,33.94,57.89,0.31,Pyriform
28.02,23.47,50.96,0.801,Short_Tail
35.42,20.75,69.9,0.648,Pyriform
27.42,25.69,59.16,0.974,Low_Motility
21.17,23.93,58.73,0.436,Normal
22.23,23.68,28.35,0.713,Short_Tail
32.29,24.43,54.17,0.157,Tapered
33.56,30.23,44.36,0.457,Short_Tail
26.57,17.48,38.39,0.967,Normal
35.83,23.89,47.02,0.585,Abnormal
22.03,18.29,56.34,0.359,Abnormal
31.6,24.22,51.01,0.208,Short_Tail
24.73,18.33,34.46,0.733,Short_Tail
28.09,20.33,53.91,0.68,Pyriform
32.28,20.82,37.35,0.437,Normal
26.84,25.9,47.6,0.956,Pyriform
29.69,25.67,41.36,0.12,Tapered
38.04,17.02,42.37,0.373,Low_Motility
28.54,22.22,54.19,0.929,Abnormal
37.01,19.16,32.52,0.389,Amorphous
25.22,16.97,68.34,0.327,Amorphous
35.18,21.13,23.15,0.581,Normal
40.65,20.77,37.83,0.841,Normal
17.17,31.71,49.44,0.193,Amorphous
27.22,23.73,52.01,0.949,Normal
35.46,16.49,43.79,0.816,Abnormal
30.78,19.74,44.31,0.263,Tapered
34.23,26.09,49.93,0.741,Tapered
28.38,30.35,42.23,0.446,Pyriform
32.52,15.66,61.72,0.462,Abnormal
31.07,14.48,55.07,0.805,Low_Motility
39.01,29.48,55.47,0.967,Normal
33.53,23.56,33.41,0.214,Normal
34.03,18.53,44.05,0.479,Low_Motility
29.53,24.14,41.39,0.533,Pyriform
29.07,11.46,32.93,0.439,Pyriform
29.4,22.01,49.32,0.427,Normal
34.37,23.31,38.55,0.147,Normal
29.47,25.7,52.86,0.717,Low_Motility
33.74,17.94,32.16,0.493,Abnormal
44.45,22.34,65.63,0.275,Low_Motility
37.23,18.3,34.24,0.834,Pyriform
30.04,23.02,47.63,0.822,Low_Motility
39.21,18.42,54.5,0.538,Low_Motility
29.55,20.37,38.15,0.369,Low_Motility
19.77,18.02,55.23,0.674,Abnormal
25.95,24.6,30.25,0.359,Short_Tail
20.78,25.43,62.43,0.312,Normal
29.89,21.06,45.17,0.757,Amorphous
32.11,22.15,37.84,0.136,Low_Motility
42.06,16.21,41.41,0.185,Amorphous
33.96,20.8,54.71,0.106,Short_Tail
30.69,21.8,37.99,0.238,Normal
36.98,32.48,36.01,0.162,Pyriform
18.73,17.55,42.34,0.996,Amorphous
33.41,27.86,30.88,0.36,Pyriform
36.63,25.99,66.85,0.234,Amorphous
23.13,23.12,38.2,0.317,Pyriform
38.86,29.03,54.98,0.943,Low_Motility
34.03,23.49,47.51,0.568,Amorphous
29.51,23.56,33.19,0.428,Pyriform
35.8,21.79,44.93,0.886,Short_Tail
45.62,26.89,54.41,0.455,Abnormal
33.09,26.39,42.74,0.402,Pyriform
33.49,19.5,59.32,0.287,Abnormal
29.24,16.72,57.26,0.44,Abnormal
26.9,21.19,56.03,0.385,Normal
36.98,18.8,39.48,0.71,Low_Motility
26.86,21.75,32.04,0.361,Short_Tail
32.43,26.95,37.64,0.619,Abnormal
29.13,20.17,47.35,0.159,Tapered
34.87,21.83,51.55,0.272,Low_Motility
34,22.23,18.94,0.467,Abnormal
38.23,25.39,44.9,0.943,Pyriform
28.94,13.01,46.9,0.44,Abnormal
30.38,19.57,41.67,0.698,Pyriform
26.13,22.85,60.5,0.33,Pyriform
29.33,26.8,50.06,0.214,Tapered
34.26,20.03,60.72,0.153,Abnormal
36.54,14.49,42.41,0.375,Abnormal
26.47,24.48,56.25,0.242,Amorphous
37.22,19.46,64.62,0.257,Low_Motility
40.13,17.24,60.74,0.785,Amorphous
34.48,19.5,31.89,0.114,Normal
43.26,21.26,41.96,0.602,Pyriform
27.36,19.58,40.86,0.442,Tapered
24.53,13.18,50.87,0.556,Amorphous
21.33,25.59,53.24,0.607,Abnormal
40.98,27.1,34.93,0.382,Normal
35.93,24.61,45.81,0.366,Tapered
31.67,17.45,20.76,0.76,Short_Tail
33.68,21.19,62.3,0.884,Abnormal
25.25,21.97,38.85,0.273,Abnormal
46.67,24.4,45.67,0.188,Short_Tail
32.78,24.67,41.28,0.908,Pyriform
32.66,19.06,58.75,0.415,Pyriform
36.35,22.33,10.95,0.596,Amorphous
34.89,23.83,44.8,0.424,Amorphous
33.34,27.82,43.73,0.213,Abnormal
27.26,24.82,39.56,0.63,Low_Motility
34.83,25.16,65.71,0.573,Abnormal
43.29,22.34,34.35,0.283,Amorphous
40.07,27.64,54.26,0.507,Short_Tail
41.56,23.64,49.28,0.817,Amorphous
28.93,18.56,60.14,0.631,Abnormal
26.06,27.61,36.99,0.187,Tapered
31.25,24.79,36.2,0.593,Abnormal
32.33,20.23,58.15,0.732,Tapered
38.57,20.08,50.1,0.813,Tapered
21.85,23.19,26.46,0.666,Abnormal
41.18,23.85,38.53,0.237,Low_Motility
31.05,22.79,49.64,0.739,Low_Motility
29.44,23.25,55.05,0.71,Normal
25.93,28.8,36.85,0.122,Amorphous
22.07,26.29,10.03,0.471,Low_Motility
36.94,22.76,51.28,0.4,Pyriform
32.44,25.77,30.36,0.702,Abnormal
24.26,17.87,20.79,0.295,Tapered
24.23,23.59,11.01,0.632,Abnormal
29.99,29.24,54.77,0.922,Amorphous
42.01,21.13,46.54,0.818,Short_Tail
30.44,18.61,42.29,0.929,Low_Motility
22.98,19.39,61.67,0.981,Low_Motility
30.53,17.64,52.65,0.11,Low_Motility
30.36,18.86,64.4,0.66,Tapered
15.82,20.52,28.29,0.472,Pyriform
31.67,16.38,44.59,0.874,Pyriform
30.61,22.06,25.6,0.327,Low_Motility
36.18,25.61,42.25,0.983,Pyriform
43.09,18.37,42.02,0.652,Short_Tail
38.76,28.08,52.52,0.814,Low_Motility
30.39,24.04,45.55,0.177,Normal
25.36,26.12,52.48,0.265,Tapered
47.44,19.37,53.44,0.783,Short_Tail
32.36,25.42,70.86,0.12,Tapered
32.08,17.63,41.22,0.835,Low_Motility
31.86,25.56,33.71,0.113,Short_Tail
33.19,22.69,47.95,0.691,Low_Motility
31.13,24.21,35.37,0.429,Short_Tail
28.56,17.3,62.78,0.65,Low_Motility
28.72,18.42,41.6,0.726,Normal
31.8,24.39,38.21,0.408,Tapered
28.74,18.21,39.34,0.197,Short_Tail
27.72,23.85,53.62,0.163,Normal
32.64,16.53,43.11,0.63,Abnormal
30.47,25.39,37.3,0.569,Low_Motility
41.02,17.07,64.98,0.768,Amorphous
16.09,24.21,34.73,0.559,Short_Tail
38.55,24.5,45.43,0.48,Pyriform
39.48,19.21,52.83,0.458,Normal
19.56,24.33,25.42,0.124,Normal
29.94,23.04,50.76,0.402,Short_Tail
29.77,19.84,32.34,0.978,Normal
23.55,17.97,54.87,0.886,Abnormal
27.33,14.15,33.45,0.396,Normal
25.34,23.4,53.31,0.629,Amorphous
42.51,15.74,58.27,0.863,Amorphous
37.61,22.38,55.34,0.497,Low_Motility
39.63,20.95,48.02,0.116,Low_Motility
36.33,24.72,42.22,0.167,Pyriform
25.23,20.79,38.08,0.559,Abnormal
28.85,20.68,62.65,0.972,Amorphous
34.94,24.93,36.61,0.724,Short_Tail
24.67,23.34,32.56,0.164,Tapered
36.28,23.26,52.98,0.27,Tapered
30.56,23.88,35.45,0.794,Tapered
29.75,15.86,33.6,0.857,Low_Motility
36.27,25.03,27.68,0.656,Short_Tail
34.67,24.45,39.21,0.68,Normal
29.83,17.93,44.01,0.126,Short_Tail
38.96,21.02,47.92,0.846,Normal
25.51,21.84,56.42,0.809,Tapered
35.7,21.46,51.32,0.333,Pyriform
35.56,23.34,42.71,0.738,Pyriform
30.14,27.73,42.62,0.293,Normal
33.96,26.33,51.12,0.136,Tapered
24.49,16.75,60.27,0.281,Short_Tail
37.54,24.49,46.52,0.261,Pyriform
30.89,27.32,39.37,0.404,Normal
28.86,23.55,33.09,0.477,Short_Tail
38.29,26.36,27.66,0.558,Tapered
27.77,30.05,53,0.529,Abnormal
23.55,26.09,51.94,0.344,Tapered
22.66,23,51.93,0.126,Low_Motility
35.64,26.18,43.46,0.645,Tapered
24.32,22.58,61.88,0.456,Short_Tail
42.53,22.1,39.19,0.369,Short_Tail
19.51,20.59,56.46,0.88,Amorphous
42.18,28.25,44.54,0.772,Amorphous
33.27,18.73,37.7,0.872,Short_Tail
31.42,28.13,52.11,0.545,Short_Tail
28.73,24,49.92,0.218,Abnormal
34.39,16.4,49.28,0.727,Abnormal
31.77,23.47,45.98,0.285,Tapered
38.62,13.6,44.55,0.497,Low_Motility
32.69,24.5,73.66,0.159,Pyriform
32.9,25.54,59.21,0.843,Low_Motility
29.82,19.63,53.67,0.213,Abnormal
31.66,22.49,46.34,0.913,Tapered
33.85,29.82,57.09,0.878,Low_Motility
21.74,19.98,51.22,0.518,Normal
23.91,17.76,45.31,0.77,Amorphous
36.46,27.93,41.36,0.658,Low_Motility
33.03,29.85,44.03,0.823,Pyriform
30.9,22.01,10,0.489,Tapered
32.11,26.05,47.53,0.807,Low_Motility
34.09,27.37,39.14,0.516,Short_Tail
28.76,19.03,64.11,0.947,Normal
27.33,20.06,45.23,0.538,Amorphous
33.18,26.92,30.73,0.516,Normal
26.13,28.74,44.4,0.807,Tapered
34.45,24.25,32.45,0.839,Abnormal
21.78,18.48,50.68,0.599,Amorphous
38.17,29.95,48.49,0.262,Normal
34.84,19.88,56.49,0.521,Abnormal
33.54,20.66,35.51,0.971,Pyriform
37.9,23.37,45.41,0.778,Tapered
41.99,28.22,28.62,0.83,Tapered
38.09,25.42,53.42,0.13,Amorphous
20.95,23.66,51.23,0.521,Normal
24.32,23.85,50.95,0.682,Pyriform
28.25,22.17,45.02,0.847,Short_Tail
32.16,24.23,49.98,0.144,Amorphous
35.11,11.88,64.25,0.867,Short_Tail
27.65,20.81,41.58,0.594,Amorphous
33.12,22.97,46.66,0.278,Normal
27.47,17.4,31.97,0.386,Pyriform
28.33,23.55,34.58,0.354,Normal
23.56,21.18,46.17,0.578,Tapered
26.46,29.02,58.25,0.147,Short_Tail
23.89,28.29,41.92,0.243,Abnormal
26.14,20.14,42.17,0.831,Low_Motility
38.32,21.4,40.12,0.219,Tapered
26.3,21.7,38.58,0.31,Tapered
47.79,20.19,48.54,0.508,Short_Tail
34.96,22.78,27.03,0.565,Amorphous
33.11,18.97,60.37,0.787,Tapered
26.85,17.48,37.01,0.503,Low_Motility
36.2,24.49,53.66,0.811,Pyriform
28.55,24.52,29.76,0.657,Tapered
32.73,18.78,53.03,0.202,Pyriform
47.36,25.58,53.06,0.241,Normal
31.42,19.47,49.61,0.493,Amorphous
38.9,23.01,33.07,0.457,Pyriform
27.78,25.28,47.99,0.769,Tapered
31.79,21.87,30.8,0.623,Amorphous
42.62,23.82,41.97,0.449,Low_Motility
28.24,19.93,57.35,0.254,Amorphous
42.87,21.21,54.56,0.304,Pyriform
36.25,21.18,45.18,0.618,Pyriform
28.63,19.01,33.3,0.481,Abnormal
35.79,21.29,52.75,0.563,Abnormal
37.84,15.81,45.23,0.254,Amorphous
35.73,20.04,17.16,0.697,Short_Tail
22.58,20.86,54.39,0.867,Short_Tail
27.64,20.98,44.71,0.332,Abnormal
30.51,21.03,59.43,0.542,Tapered
31.55,21.75,31.86,0.978,Normal
35.72,23.92,10,0.4,Amorphous
33.07,25.5,48.35,0.636,Normal
23.99,19.4,48.5,0.181,Abnormal
34.28,17.19,24.71,0.645,Pyriform
35.66,17.83,33.26,0.181,Low_Motility
35.36,20.05,78.06,0.963,Amorphous
38.48,20.59,41.33,0.744,Abnormal
37,18.92,53.77,0.809,Tapered
34.76,16.82,37.19,0.734,Low_Motility
31.58,20.18,19.92,0.631,Amorphous
22.03,22.73,42.96,0.505,Amorphous
34.58,24.38,41.81,0.873,Short_Tail
33.25,19.77,40.2,0.961,Pyriform
33.63,20.35,43.62,0.549,Amorphous
24.34,18.29,48.17,0.938,Pyriform
25.51,21.87,43.2,0.625,Abnormal
38.32,18.61,29.83,0.585,Tapered
31.76,24.29,50.83,0.509,Low_Motility
36.09,14.86,21.61,0.288,Low_Motility
32.17,20.56,20.4,0.103,Tapered
32.18,23.2,53.87,0.317,Amorphous
37.63,22.74,51.08,0.559,Amorphous
28.9,32.77,44.31,0.442,Abnormal
32.58,23.4,28.25,0.504,Short_Tail
29.23,17.98,36.51,0.983,Short_Tail
29.39,21.62,41.85,0.415,Short_Tail
30.14,14.9,25.85,0.507,Pyriform
33.33,21.68,36.13,0.22,Short_Tail
29.13,18.67,52.83,0.143,Tapered
39.53,25.66,62.13,0.798,Low_Motility
26.63,19.8,39.97,0.614,Low_Motility
30.88,21.53,54.08,0.785,Pyriform
29.36,19.46,22.03,0.235,Abnormal
40.68,28.96,52.91,0.615,Tapered
33.18,20.72,35.35,0.328,Low_Motility
38.19,29.33,48.69,0.305,Tapered
23.09,25.26,42.03,0.11,Low_Motility
33.6,23.93,60.84,0.217,Normal
37.34,23.47,34.51,0.378,Abnormal
32.49,23.58,52.53,0.205,Abnormal
38.39,14.29,41.65,0.987,Normal
28.9,20.88,43.1,0.378,Pyriform
40.46,25.38,42.79,0.217,Low_Motility
45.79,21.8,34.85,0.279,Low_Motility
29.82,16.38,44.83,0.629,Low_Motility
29.33,21.79,44.25,0.158,Short_Tail
40.72,28.82,47.89,0.876,Short_Tail
41.48,26.99,46.01,0.965,Short_Tail
28.86,21.75,54.58,0.322,Short_Tail
29.48,25.81,56.08,0.505,Short_Tail
30.31,20.53,32.39,0.12,Normal
23.93,15.18,55.43,0.677,Abnormal
26.49,18.3,30.76,0.473,Pyriform
25.98,28.25,52.05,0.343,Tapered
27.39,20.9,52.44,0.286,Short_Tail
31.79,21.03,22.06,0.689,Normal
33.41,20.8,46.12,0.475,Low_Motility
41.3,29.62,39.38,0.262,Pyriform
26.01,28.5,35.89,0.72,Pyriform
37.91,30.88,61.21,0.609,Pyriform
30.72,21.36,37.16,0.873,Normal
31.7,23.18,35.32,0.206,Tapered
36.05,15.93,45.91,0.807,Short_Tail
25.26,27.91,53.23,0.706,Pyriform
34.29,17.33,43.3,0.204,Normal
33,22.87,59,0.725,Low_Motility
34.95,17.61,51.37,0.497,Abnormal
33.74,19.64,18.86,0.95,Low_Motility
46.73,18.65,38.65,0.227,Normal
28.17,19.57,38.26,0.679,Normal
28.81,19.84,50.75,0.444,Normal
28.26,19.81,13.5,0.961,Pyriform
28.67,25.33,75.59,0.397,Normal
28.18,17.58,51.37,0.966,Abnormal
39.13,22.88,46.79,0.911,Pyriform
40.52,26.87,59.18,0.343,Low_Motility
28.58,19.95,73.12,0.823,Abnormal
27.01,19.13,55.45,0.996,Amorphous
34.83,21.08,56.39,0.327,Low_Motility
28.69,26.72,46.57,0.493,Normal
35.8,22.78,43.3,0.568,Short_Tail
33.22,19.88,39.29,0.365,Short_Tail
22.91,23.94,35.09,0.114,Pyriform
41.29,17.59,36.76,0.298,Short_Tail
42.78,24.73,28.79,0.354,Low_Motility
28.32,23.63,44.09,0.499,Pyriform
29.67,20.77,24.78,0.254,Low_Motility
33.72,18.65,47.29,0.886,Normal
34.01,18.45,44.56,0.734,Tapered
35.95,24.14,46.76,0.177,Tapered
44.06,26.92,38.73,0.685,Abnormal
30.94,19.45,80,0.688,Normal
27.21,23.83,61.32,0.961,Short_Tail
23.72,13.65,30.07,0.103,Normal
27.61,19.66,47.79,0.323,Amorphous
31.8,21.88,37.7,0.935,Tapered
42.77,18.36,32.83,0.939,Short_Tail
28.89,18.25,28.92,0.749,Low_Motility
33.34,19.33,50.19,0.789,Low_Motility
31.9,23.17,36.82,0.182,Tapered
39.13,21.25,56.61,0.562,Normal
47.16,13.05,56.93,0.308,Short_Tail
28.81,13.52,61.49,0.263,Abnormal
29.06,19.57,34.77,0.829,Low_Motility
38.26,23.83,50.7,0.222,Normal
36.09,11.01,52.59,0.522,Abnormal
43.08,20,39.31,0.945,Short_Tail
35.5,19.9,35.74,0.267,Tapered
29.84,27.55,64.31,0.98,Amorphous
35.54,20.46,47.73,0.995,Pyriform
38.65,23.53,52.63,0.6,Tapered
36.92,22.57,35.14,0.253,Abnormal
35.04,13.48,30.37,0.384,Normal
38.4,25.07,38.17,0.482,Low_Motility
39.02,22.86,43.51,0.378,Short_Tail
40.29,24.03,32.23,0.353,Tapered
35.89,37.7,44.88,0.975,Low_Motility
31,13.66,24.74,0.238,Low_Motility
32.88,28.9,31.56,0.76,Amorphous
39.24,20.85,53.05,0.1,Short_Tail
27.1,23.15,52.25,0.637,Abnormal
34.21,21.82,40.3,0.924,Short_Tail
29.64,20.3,32.79,0.359,Short_Tail
32.17,19.72,32.67,0.267,Normal
39.67,23.32,40.52,0.687,Pyriform
33.15,15.93,52.73,0.741,Low_Motility
32.28,25,56.14,0.719,Abnormal
23.84,20.34,39.04,0.387,Normal
36.48,17.48,31.16,0.327,Low_Motility
35.87,20.2,48.21,0.96,Pyriform
44.98,27.03,35.12,0.931,Normal
30.15,19.86,38.78,0.512,Pyriform
33.31,23.43,60.9,0.862,Pyriform
33.5,19.08,54.93,0.507,Pyriform
41.46,25.03,46.9,0.482,Normal
31.43,24.74,29.74,0.241,Short_Tail
33.67,29.39,47.54,0.484,Pyriform
35.65,21.3,57.75,0.584,Short_Tail
33.12,24.67,40.49,0.12,Low_Motility
29.32,22.39,61.21,0.5,Low_Motility
33.16,27.18,60.51,0.803,Abnormal
38.44,19.12,64.96,0.712,Amorphous
25.84,24.98,48.66,0.672,Short_Tail
32.8,21.22,52.05,0.919,Low_Motility
27.8,21.74,61.97,0.116,Amorphous
39.17,22.37,50.37,0.601,Pyriform
22.86,23.01,38.99,0.809,Amorphous
28.65,21.54,39.62,0.587,Amorphous
34.26,22.86,47.86,0.392,Pyriform
41.39,28.31,29.51,0.223,Short_Tail
31.61,25.94,43.28,0.899,Pyriform
28.67,25.48,58.16,0.524,Abnormal
43.29,20.18,18.7,0.89,Tapered
23.31,18.44,63.41,0.627,Normal
18.81,25.82,58.47,0.707,Pyriform
34.64,25.5,39.48,0.824,Pyriform
28.99,27.89,51.52,0.693,Amorphous
25.87,19.58,45.04,0.458,Abnormal
36.25,21.08,59.76,0.562,Low_Motility
33.46,15.44,56.79,0.823,Low_Motility
28.62,20.43,28.2,0.436,Amorphous
24.32,25.99,52.05,0.449,Short_Tail
37.23,20.13,42.53,0.186,Pyriform
35.9,24.56,45.99,0.923,Pyriform
31.4,21.24,36.26,0.182,Amorphous
43.08,23.3,65.98,0.683,Pyriform
25.58,17.41,57.48,0.472,Short_Tail
22.85,22.34,36.12,0.465,Tapered
27.85,10.04,28.98,0.712,Normal
31.73,21.25,40.37,0.16,Normal
33.46,15.48,50.21,0.634,Normal
30.55,26.82,47.88,0.795,Tapered
34.11,25.11,60.04,0.845,Pyriform
24.49,23.87,54.48,0.253,Amorphous
40.66,28.08,56.63,0.908,Low_Motility
31.51,18.2,48.92,0.691,Abnormal
38.7,28.99,28.33,0.894,Pyriform
34.06,25.73,42.65,0.537,Tapered
34.74,21.05,57.72,0.588,Short_Tail
35.42,26.54,44.38,0.927,Tapered
34.69,17.57,51.04,0.91,Low_Motility
35.86,18.7,41.18,0.503,Normal
39.97,19.57,32.64,0.347,Pyriform
33.18,19.88,43.52,0.454,Low_Motility
36.25,17.77,48.71,0.449,Normal
31.46,26.89,37.13,0.358,Abnormal
40.64,20.96,42.17,0.342,Short_Tail
27.94,23.41,33.73,0.875,Normal
42.81,19.72,58.43,0.163,Abnormal
31.76,14.72,41.47,0.71,Tapered
23.42,23.08,62.43,0.256,Normal
32.77,14.35,63.34,0.41,Normal
27.91,21.73,44.03,0.155,Amorphous
37.04,16.53,32.9,0.343,Short_Tail
28.08,29.95,19.97,0.792,Short_Tail
29.32,25.65,27.34,0.897,Low_Motility
20.66,22.42,28.51,0.299,Tapered
29.29,27.05,61.54,0.517,Amorphous
17.46,18.61,46.39,0.523,Low_Motility
22.5,24.17,49.68,0.886,Abnormal
36.56,22.8,18.35,0.787,Low_Motility
36.71,23.06,30.62,0.562,Abnormal
34.55,27.09,55.64,0.704,Tapered
26.2,24.93,48.44,0.863,Short_Tail
31.71,23.15,43.23,0.109,Abnormal
31.98,15.38,51.78,0.463,Tapered
25.05,18.16,64.63,0.917,Low_Motility
41.02,21.51,42.35,0.766,Abnormal
37.26,22.37,45.83,0.589,Pyriform
30.67,17.48,47.31,0.577,Normal
32.16,31.65,73.71,0.413,Low_Motility
33.25,28.07,19.81,0.568,Short_Tail
19.75,24.41,53.2,0.69,Low_Motility
30.52,22.29,43.62,0.477,Pyriform
27.91,21.15,51.8,0.743,Tapered
25.99,18.19,37.11,0.875,Tapered
30.31,22.31,44.41,0.239,Low_Motility
42.79,23.03,53.54,0.506,Pyriform
35.85,17.03,80,0.467,Low_Motility
28.57,23.34,54.7,0.719,Normal
35.44,21.38,34.82,0.325,Normal
40.4,14.37,39.91,0.676,Amorphous
37.55,18.56,39.56,0.89,Abnormal
32.36,20.35,23.45,0.476,Amorphous
28.12,29.55,41.04,0.92,Normal
36.19,24.23,53.79,0.994,Pyriform
34.36,16.66,29.71,0.195,Abnormal
37.37,23.94,57.58,0.31,Pyriform
35.81,15.81,50.85,0.955,Amorphous
38.3,26.33,36.19,0.962,Tapered
28.79,20.12,43.3,0.188,Pyriform
39.9,21.63,64.18,0.113,Amorphous
33.19,27.3,53.8,0.245,Amorphous
44.45,16.85,45.11,0.996,Amorphous
27.86,16.41,42.15,0.262,Tapered
42.42,19.67,45.92,0.552,Tapered
33.19,26.15,38.86,0.864,Low_Motility
28.09,15.92,19.74,0.118,Tapered
29.1,10.67,69.51,0.644,Abnormal
30.08,20.2,46.86,0.349,Tapered
34.54,24.21,49.78,0.876,Tapered
35.14,26.8,44.31,0.355,Tapered
28.56,20.15,36.18,0.718,Pyriform
31.85,20.35,42.77,0.707,Tapered
44.85,26.62,25.81,0.299,Abnormal
42.37,14.52,72.33,0.131,Amorphous
34.62,20.45,30.19,0.468,Pyriform
32.23,22.76,32.62,0.36,Normal
32.72,23.8,39.72,0.828,Tapered
35.68,19.96,60.46,0.82,Low_Motility
25.86,22.14,45.17,0.511,Low_Motility
30.46,12.05,30.17,0.646,Amorphous
21.99,19.37,60.05,0.644,Amorphous
34.4,23.81,53.77,0.844,Pyriform
35.88,18.07,51.46,0.483,Low_Motility
29.1,22.24,53.59,0.348,Normal
41.44,23.79,73.73,0.339,Short_Tail
24.65,20.63,71.22,0.583,Low_Motility
23.21,22.68,36.76,0.504,Low_Motility
33.35,18.15,64.49,0.496,Abnormal
38.28,21.17,49.6,0.182,Short_Tail
42.1,24.44,50.99,0.747,Amorphous
29.25,22.63,24.69,0.292,Short_Tail
38.47,19.65,42.96,0.277,Low_Motility
31.77,22.9,35.25,0.471,Amorphous
30.96,24.86,54.94,0.305,Short_Tail
37.3,13.8,57.85,0.625,Amorphous
35.91,26.64,20.11,0.434,Amorphous
22.54,20.65,44.74,0.504,Pyriform
40.86,23.7,58.46,0.583,Normal
40.28,26.79,42.76,0.283,Amorphous
28.25,16.51,53.75,0.24,Abnormal
34.37,19.16,49.21,0.892,Low_Motility
34.96,20.85,49.1,0.49,Low_Motility
33.56,18.86,41.74,0.471,Abnormal
28.7,28.94,30.4,0.132,Tapered
27.97,18.57,31.54,0.548,Amorphous
31.85,19.78,53.51,0.599,Amorphous
39.04,22.82,45.23,0.603,Amorphous
35.26,17.19,43.34,0.736,Short_Tail
29.78,20.42,39.91,0.26,Amorphous
36.63,23.27,41.34,0.327,Amorphous
15,20.67,57.56,0.83,Abnormal
38.89,21.63,40.98,0.952,Normal
21.56,19.88,28.91,0.222,Normal
29.83,15.94,53.92,0.548,Tapered
25.28,23.29,42.54,0.293,Abnormal
24.23,29.02,45.38,0.154,Amorphous
38.96,22.07,64.29,0.393,Normal
29.19,22.9,44.75,0.229,Pyriform
34.08,24.77,48.47,0.739,Pyriform
31.72,16.92,30.85,0.58,Pyriform
34.86,28.81,42.36,0.229,Amorphous
32.46,22.81,52.31,0.108,Amorphous
24.3,28.53,26.34,0.827,Tapered
37.98,19.07,47.41,0.259,Low_Motility
29.04,29.27,46.21,0.646,Tapered
22.66,25.1,45.5,0.403,Tapered
29.43,24.21,57.45,0.627,Short_Tail
41,22.94,49.01,0.384,Pyriform
37.1,21.01,62.74,0.178,Amorphous
29.91,26.8,33.08,0.301,Pyriform
29.9,22.56,46.63,0.269,Tapered
30.07,14.13,46.01,0.485,Amorphous
44.46,17.53,32.17,0.692,Abnormal
34.29,21.26,56.48,0.337,Normal
34.58,23.24,72.9,0.111,Normal
38.18,21.77,44.8,0.567,Tapered
33.43,26.88,51.06,0.645,Low_Motility
30.45,14.2,46.01,0.967,Pyriform
30.82,22.57,36.44,0.631,Abnormal
31.57,14.73,23.15,0.524,Amorphous
31.78,25.04,36.53,0.616,Low_Motility
36.37,21.62,28.3,0.935,Pyriform
32.31,23.68,65.45,0.846,Tapered
36.4,18.54,43.62,0.391,Pyriform
31.52,27.12,40.85,0.314,Tapered
32.47,26.17,55.67,0.336,Short_Tail
20.01,24.33,31.54,0.554,Normal
37.5,21.48,35.8,0.77,Low_Motility
34.08,24.32,45.82,0.553,Normal
37.99,19.17,57.35,0.161,Pyriform
15,25.42,51.02,0.751,Abnormal
44.53,28.6,47.98,0.825,Amorphous
31.16,26.28,45.94,0.361,Tapered
38.65,19.08,49.8,0.698,Amorphous
25.76,23.45,47.42,0.484,Normal
35.68,16.83,32.64,0.9,Abnormal
25.68,24.29,45.55,0.861,Abnormal
28.26,23.8,32.12,0.573,Amorphous
43.48,14.52,45.97,0.722,Normal
30.86,17.35,39.23,0.895,Amorphous
33.3,20.87,75.47,0.546,Pyriform
37.22,20.8,44.52,0.382,Abnormal
34.97,17.16,28.15,0.778,Abnormal
32.9,23.56,43.39,0.298,Pyriform
34.19,23.01,51.23,0.45,Normal
46.42,21.22,65.08,0.879,Abnormal
31.65,18.98,37.93,0.752,Low_Motility
33.21,26.19,26.01,0.463,Short_Tail
38.3,28.62,54.8,0.293,Short_Tail
38.63,20.07,28.43,0.42,Short_Tail
39.12,19.55,39.77,0.356,Tapered
35.83,23.96,41.91,0.258,Low_Motility
25.14,20.57,44.16,0.769,Tapered
41.8,21.44,53.27,0.327,Normal
25.12,24.96,36.8,0.509,Pyriform
33.82,14.36,41.72,0.447,Amorphous
27.47,27.27,44.83,0.984,Low_Motility
31.62,22.29,46.8,0.452,Normal
33.97,20.35,46.17,0.172,Amorphous
33.93,21.64,50.23,0.181,Normal
34.53,21.85,55.13,0.632,Tapered
41.68,15.08,49.71,0.639,Short_Tail
34.72,27.98,50.44,0.477,Pyriform
30.54,22.17,26.01,0.489,Tapered
37.78,23.77,45.6,0.149,Pyriform
39.14,25.81,50.75,0.565,Low_Motility
24.63,17.92,53.75,0.554,Amorphous
35.58,23.89,36.69,0.235,Normal
36.21,20.93,37.09,0.193,Abnormal
30.21,25.39,38.11,0.211,Abnormal
40.25,13.49,51.44,0.191,Pyriform
31.1,21.6,57.41,0.649,Short_Tail
32.75,19.59,40.11,0.277,Short_Tail
30.96,23.73,55.9,0.326,Pyriform
32.09,23.88,46.48,0.256,Tapered
25.42,19.17,43.51,0.962,Abnormal
23.36,19.15,42.46,0.869,Tapered
41.57,21.56,53.96,0.307,Amorphous
26.92,18.41,48.91,0.395,Abnormal
26.05,25.37,72.31,0.289,Amorphous
19.08,20.52,34.77,0.543,Normal
28.17,10.37,51.22,0.118,Tapered
24.06,20.5,38.65,0.704,Pyriform
41.85,17.85,34.57,0.571,Abnormal
38.06,15.47,44.87,0.909,Tapered
27.87,17.05,46.65,0.248,Pyriform
45.51,22.44,80,0.824,Normal
37.89,27.31,42.79,0.813,Abnormal
30.05,23.25,31.44,0.214,Amorphous
17,19.57,48.28,0.459,Normal
45.75,23.82,20.1,0.253,Short_Tail
23.66,20.16,43.9,0.329,Pyriform
22.13,19.22,45.19,0.337,Abnormal
38.14,17.38,54.54,0.601,Abnormal
46.64,14.99,56.68,0.47,Low_Motility
40.31,20.44,38.96,0.953,Low_Motility
35.38,22.63,43.19,0.214,Normal
35.57,21.61,35.81,0.976,Abnormal
37.12,20.34,31.46,0.308,Pyriform
36.55,18.22,48.72,0.796,Normal
33.69,24.43,29.72,0.405,Amorphous
32.63,16.73,40.02,0.229,Normal
31.62,25.1,33.06,0.872,Normal
27.48,17.99,51.6,0.378,Amorphous
30.32,18.99,66.62,0.693,Short_Tail
21.84,16.13,29.38,0.61,Low_Motility
31.41,19.99,22.76,0.525,Pyriform
26.07,25.9,43.5,0.546,Short_Tail
25.38,24.06,45.19,0.759,Short_Tail
33.08,25.91,47.62,0.179,Short_Tail
40.35,24.09,39.64,0.701,Low_Motility
37.51,17.59,42.59,0.906,Tapered
22.58,20.68,49.41,0.152,Low_Motility
26.06,18.88,57.49,0.227,Short_Tail
37.64,27.32,21.54,0.745,Tapered
26.11,17.21,40.57,0.494,Amorphous
30.65,25.57,47.57,0.463,Low_Motility
35.3,25.57,33.98,0.223,Pyriform
26.19,29.32,65.77,0.556,Short_Tail
32.63,20.36,37.38,0.214,Abnormal
24,24.85,44.5,0.529,Amorphous
28.39,31.13,51.67,0.787,Tapered
33.92,19.53,37.9,0.332,Low_Motility
22.44,15.86,22.84,0.533,Pyriform
34.64,14.48,39.86,0.993,Normal
31.88,24.85,57.35,0.718,Pyriform
35.31,14.47,40.96,0.857,Pyriform
33.34,20.51,34.84,0.473,Short_Tail
40.18,23.75,56.11,0.791,Short_Tail
32.75,22.74,41.03,0.136,Low_Motility
29.42,23.7,38.88,0.211,Low_Motility
32.73,22.89,46.79,0.283,Tapered
35.26,27.12,54.25,0.462,Low_Motility
32.29,18.19,73.58,0.861,Tapered
32.24,19.29,54.93,0.412,Short_Tail
27.79,18.91,58.92,0.689,Short_Tail
28.02,25.32,38.93,0.738,Abnormal
23.58,25.6,32.69,0.628,Abnormal
42.5,23.8,45.75,0.422,Amorphous
24.54,26.73,46.29,0.619,Short_Tail
27.84,17.29,32.06,0.408,Normal
27.69,28.67,42.9,0.175,Abnormal
37.37,28.09,49.79,0.994,Tapered
30.23,24.94,49.32,0.214,Pyriform
39.49,29.13,51.05,0.165,Low_Motility
27.96,15.37,48.49,0.891,Low_Motility
33.67,19.9,38.92,0.372,Amorphous
26.99,19.06,38.83,0.685,Abnormal
44.87,24.89,30.61,0.396,Pyriform
24.87,17.8,66.42,0.452,Pyriform
33.86,25.03,45.16,0.336,Abnormal
35.8,27.48,42.3,0.409,Normal
34.48,24.78,33.85,0.47,Normal
30.89,23.14,80,0.748,Amorphous
31.22,18.05,32.12,0.56,Normal
32.26,18.61,39.85,0.949,Amorphous
31.12,27,49.99,0.138,Tapered
37.78,25.12,52.2,0.553,Abnormal
45.26,21.84,56.5,0.626,Pyriform
28.66,20.33,66.69,0.928,Amorphous
23.78,13.9,51.07,0.144,Low_Motility
31.47,17.72,32.33,0.616,Normal
47.48,29.65,41.92,0.868,Low_Motility
27.18,16.88,48.69,0.318,Amorphous
41.83,22.76,69.82,0.889,Short_Tail
42.07,26.03,28.23,0.117,Amorphous
28.68,16.98,59.43,0.759,Normal
35.41,22.74,47.16,0.94,Short_Tail
41.77,25.75,55.05,0.691,Short_Tail
29.73,22.05,43.78,0.495,Normal
30.78,33.47,34.89,0.14,Short_Tail
28.51,15.33,54.01,0.928,Abnormal
25.91,26.23,52.85,0.523,Pyriform
28.1,21.31,56.66,0.126,Low_Motility
24.66,25.09,44.84,0.721,Abnormal
32.2,23.77,37.8,0.534,Abnormal
27.38,19.07,26.29,0.212,Normal
33.4,22.92,54.83,0.293,Normal
22.66,14.57,50.09,0.158,Low_Motility
33.99,24.41,33.41,0.617,Pyriform
37,23.19,38.54,0.66,Amorphous
20.04,24.55,39.4,0.555,Abnormal
34.24,26.23,27.2,0.835,Short_Tail
39.37,23.47,35.19,0.875,Pyriform
24.74,22.59,31.39,0.654,Abnormal
42.04,18.48,40.05,0.111,Amorphous
34.51,19.15,36.14,0.726,Short_Tail
27.77,26.75,25.48,0.476,Abnormal
31.67,27.75,69.27,0.609,Tapered
35.35,21.05,60.03,0.684,Low_Motility
32.46,22.18,35.65,0.415,Pyriform
35.23,18.38,48.27,0.925,Low_Motility
26.48,26.69,50.01,0.221,Normal
33.02,24.66,59.29,0.704,Abnormal
23.52,29.76,35.18,0.104,Short_Tail
31.33,18.49,58.11,0.932,Short_Tail
26.58,20.49,38.43,0.201,Pyriform
27.59,22.93,28.97,0.185,Pyriform
39.42,24.59,53.69,0.4,Low_Motility
38.55,21.14,60.49,0.436,Short_Tail
35.65,18.51,76.05,0.293,Short_Tail
25.45,25.53,30.6,0.627,Short_Tail
30.1,24.88,53.39,0.499,Abnormal
39.28,18.33,40.08,0.131,Short_Tail
32.85,27.42,54.4,0.388,Normal
45.92,26.68,27.35,0.829,Short_Tail
34.36,22.54,29.85,0.721,Normal
33.15,22.32,35.69,0.752,Abnormal
30.15,24.22,45.95,0.728,Pyriform
32.8,18.55,37.31,0.38,Normal
31.09,22.12,52.91,0.19,Abnormal
36.25,13.39,57.32,0.345,Short_Tail
37.74,25.51,52.19,0.849,Abnormal
27.28,15.75,64.43,0.982,Short_Tail
24.01,28.01,49.99,0.544,Low_Motility
20.98,20.68,30.4,0.109,Abnormal
35.05,21.15,61.36,0.226,Pyriform
25.38,19.49,37.74,0.39,Normal
19.08,20.85,55.93,0.621,Low_Motility
34.33,27.67,63.88,0.168,Pyriform
46.96,12.05,50.48,0.949,Tapered
31.96,27.11,27.05,0.429,Short_Tail
37.03,23.35,33.98,0.921,Normal
32.49,17.17,60.87,0.802,Pyriform
31.41,17.7,42.97,0.78,Normal
37.51,28.71,45.95,0.646,Tapered
30.26,18.22,54.11,0.664,Amorphous
33.6,17.39,53.36,0.674,Short_Tail
33.93,26.55,48.35,0.666,Short_Tail
27.99,23.35,42.5,0.598,Abnormal
37.95,18.25,41.25,0.988,Short_Tail
30.95,22.87,55.29,0.759,Short_Tail
27.47,17.9,51.64,0.799,Pyriform
35.22,26.4,41.91,0.885,Low_Motility
26.61,26.25,57.99,0.294,Short_Tail
32.17,24.13,43.45,0.175,Short_Tail
31.95,23.45,34.78,0.535,Tapered
38.52,29.04,35.89,0.563,Low_Motility
34.85,22,33.26,0.846,Tapered
31.85,17.27,41.73,0.499,Normal
36.91,23.8,59.8,0.614,Normal
40.34,30.34,35.34,0.574,Short_Tail
35.35,17.94,47.26,0.134,Short_Tail
32.06,20.55,37.12,0.654,Abnormal
24.13,23.67,41.88,0.845,Normal
25.61,21.78,26.88,0.242,Pyriform
30.17,18.07,42.35,0.635,Short_Tail
28.34,26.49,42.68,0.634,Pyriform
30.88,31.28,51.48,0.248,Short_Tail
32.34,22.78,47.68,0.211,Pyriform
35.18,18.38,30.62,0.982,Amorphous
31.58,15.8,58.01,0.454,Pyriform
34.92,23.03,47.52,0.305,Low_Motility
32.39,26.42,47.38,0.254,Normal
20.15,23.9,44.89,0.701,Short_Tail
26.36,21.99,38.79,0.649,Normal
31.14,19.64,47.61,0.679,Low_Motility
24.74,17.63,50.71,0.179,Low_Motility
35.6,25.34,24.04,0.904,Pyriform
41.18,25.66,38.53,0.45,Tapered
39.31,15.82,41.94,0.382,Tapered
30.72,28.36,48.07,0.516,Low_Motility
40.94,24.3,59.32,0.451,Tapered
32.89,27.6,35.74,0.877,Short_Tail
29.98,16.63,39.02,0.936,Abnormal
28.32,16.54,38.85,0.373,Amorphous
30.19,21.4,35.38,0.878,Pyriform
29.67,24.01,40.83,0.803,Abnormal
33.02,29.19,54.25,0.938,Tapered
32.96,24.82,32.35,0.321,Pyriform
32.02,21.03,50.13,0.619,Abnormal
34.62,17.89,24.58,0.347,Normal
39.14,26.92,38.26,0.842,Tapered
37.7,18.14,41.05,0.105,Abnormal
23.09,28.51,65.1,0.608,Short_Tail
16.68,20.86,41.7,0.405,Normal
37.61,28.36,18.59,0.39,Tapered
23.8,24.72,21.01,0.68,Amorphous
30.65,21.45,45.41,0.866,Low_Motility
24.98,19.92,52.37,0.648,Tapered
21.19,20.64,49.51,0.868,Short_Tail
35.25,23.71,47.01,0.338,Amorphous
36.55,22.31,58.95,0.568,Amorphous
28.54,19.62,38.52,0.505,Amorphous
16.45,21.34,55.74,0.11,Pyriform
28.72,22.31,25.42,0.601,Pyriform
34.35,13.49,34.14,0.695,Low_Motility
23.13,23.83,23.32,0.633,Amorphous
33.1,18.08,41.7,0.763,Low_Motility
31.91,17.39,44.44,0.614,Normal
35.48,15.25,46.37,0.16,Amorphous
32.72,14.82,45.74,0.205,Abnormal
26.16,16.58,33.87,0.637,Amorphous
39.18,19.16,42.72,0.347,Pyriform
31.05,29.81,27.03,0.172,Pyriform
31.84,19.9,61.36,0.487,Abnormal
26.4,22.71,41.36,0.599,Abnormal
29.34,23.6,39.13,0.396,Tapered
26.69,22.52,64.07,0.748,Normal
30.96,21.69,30.09,0.679,Normal
42.27,17.22,31.49,0.4,Normal
23.77,27.8,31.85,0.779,Short_Tail
22.32,29.23,44.19,0.684,Pyriform
40.83,15.27,50.18,0.674,Normal
30.74,17.9,53.88,0.598,Tapered
27.99,20.88,75.86,0.11,Tapered
38.24,18.14,18.01,0.727,Normal
28.37,24.02,52.3,0.438,Abnormal
42.96,19.09,38.31,0.948,Tapered
36.07,30.66,37.96,0.836,Low_Motility
29.07,26.76,37.56,0.629,Abnormal
44.94,22.85,34.09,0.327,Low_Motility
28.37,26.11,65.21,0.283,Pyriform
36.45,26.42,55.11,0.406,Short_Tail
33.8,19.74,45.28,0.529,Tapered
39.81,18.74,61.21,0.366,Abnormal
41.37,22.31,26.85,0.563,Low_Motility
32.19,25.45,29.03,0.249,Normal
27.48,22.56,18.86,0.98,Low_Motility
34.76,15.69,36.61,0.197,Low_Motility
27.93,18.79,46.94,0.939,Pyriform
44.08,21.7,46.23,0.922,Amorphous
32.82,21.7,46.79,0.573,Amorphous
29.81,29.89,28.07,0.752,Normal
33.11,16.46,54.64,0.492,Pyriform
23.92,24.02,47.88,0.667,Pyriform
26.17,27.96,53.8,0.407,Pyriform
39.2,31.09,22.29,0.371,Pyriform
28.06,20.38,48.74,0.62,Amorphous
25.72,23.97,30.75,0.548,Abnormal
35.22,24.28,40.23,0.622,Pyriform
39.11,22.78,51.41,0.358,Abnormal
36.31,21.6,46.09,0.43,Low_Motility
37.98,23.74,34.78,0.176,Low_Motility
27.46,11.87,45.08,0.147,Pyriform
23.47,24.73,26.62,0.328,Tapered
41.01,22.5,58.8,0.167,Short_Tail
30.06,21.11,42.54,0.193,Tapered
30.5,30.19,58.42,0.832,Low_Motility
39.97,19.3,38.68,0.135,Short_Tail
35.34,20.39,38.72,0.693,Tapered
34.74,29.97,35.83,0.345,Pyriform
44.99,18.67,55.51,0.884,Abnormal
28.14,19.8,36.49,0.536,Short_Tail
37.57,21.41,52.74,0.375,Amorphous
32.34,25.36,40.41,0.566,Normal
33.61,22.83,21.29,0.444,Short_Tail
41.17,16.83,38.16,0.608,Short_Tail
35.05,19.87,30.85,0.203,Amorphous
35.23,19.57,45.41,0.997,Pyriform
38.44,21.69,30.72,0.483,Tapered
29.81,23.7,56.11,0.413,Tapered
26.96,23.67,43.91,0.739,Low_Motility
25.73,14.9,42.87,0.428,Abnormal
20.2,26.26,52.87,0.85,Pyriform
44.34,23.01,56.57,0.509,Amorphous
25.38,27.54,44.76,0.748,Pyriform
30.67,23.78,35.75,0.197,Pyriform
30.34,26.41,23.71,0.862,Tapered
33.84,23.87,36.77,0.762,Amorphous
36.89,27.38,37.59,0.291,Normal
37.16,24.09,46.28,0.231,Short_Tail
28.5,21.61,40.86,0.385,Tapered
31,31.09,53.26,0.978,Amorphous
33.7,25.56,37.64,0.331,Abnormal
30.51,24.29,44.32,0.511,Short_Tail
41.64,16.89,59.21,0.127,Short_Tail
34.95,16.85,49.1,0.458,Tapered
36.41,23.17,44.28,0.614,Low_Motility
35.98,22.58,37.78,0.958,Abnormal
39.04,19.54,37.4,0.565,Tapered
33.09,22.56,34.79,0.837,Pyriform
24.22,28.35,38.51,0.592,Low_Motility
34.4,24.78,54.07,0.137,Amorphous
28.09,17.44,42.34,0.384,Abnormal
28.83,21.55,28.8,0.618,Short_Tail
35.52,18.78,66.22,0.956,Tapered
39.43,20.45,48.84,0.873,Short_Tail
32.13,20.35,28.12,0.306,Abnormal
33.85,20.09,39.7,0.298,Short_Tail
42.21,16.98,46.33,0.281,Tapered
33.44,21.49,65.46,0.93,Low_Motility
47.61,19.76,31.7,0.867,Tapered
35.39,10.28,56.71,0.797,Normal
21.44,30.21,61.79,0.453,Short_Tail
36.52,26.36,37.46,0.554,Normal
34.29,20.49,41.67,0.518,Low_Motility
39.74,22.08,32.56,0.328,Normal
36.04,17.31,42.56,0.555,Short_Tail
31.17,28.78,44.56,0.127,Abnormal
24.65,29.59,52.92,0.219,Pyriform
30.75,22.63,58.08,0.898,Low_Motility
26.9,26.09,36.02,0.777,Tapered
28.52,22.7,21.39,0.481,Amorphous
35.53,16.65,44.75,0.565,Low_Motility
42.02,20.35,48.52,0.433,Normal
34.37,22.53,47.99,0.767,Abnormal
24.82,20.18,41.08,0.806,Short_Tail
34.67,21.13,46.5,0.787,Abnormal
39.18,21.63,63.19,0.75,Abnormal
28.34,21.68,49.58,0.284,Short_Tail
31.2,22.21,40.52,0.404,Amorphous
32.09,17.76,39,0.523,Short_Tail
27.29,19.13,42.96,0.398,Amorphous
35.89,16.86,64.64,0.779,Short_Tail
31.27,25.91,42.8,0.396,Normal
34.52,13.58,44.76,0.224,Amorphous
26.68,26.61,39.21,0.459,Normal
29.38,27.55,58.19,0.982,Low_Motility
36.33,20.79,68.52,0.303,Amorphous
29.76,11.59,50.41,0.651,Amorphous
42.36,20.55,45.99,0.49,Short_Tail
29.6,21.74,45.44,0.164,Amorphous
33.35,17.96,16.39,0.539,Normal
37.6,19.94,53.94,0.732,Low_Motility
23.49,28.12,46.61,0.562,Short_Tail
21.44,24.66,50.14,0.885,Tapered
22.85,18.3,36.46,0.36,Low_Motility
39.58,15.61,40.39,0.178,Low_Motility
28.69,20.69,40.07,0.943,Normal
47.35,21.15,57.26,0.44,Low_Motility
28.61,23.98,40.45,0.619,Tapered
33.11,19.86,69.99,0.813,Abnormal
41.25,24.05,50.17,0.392,Short_Tail
44.04,29.74,29.69,0.745,Abnormal
44.37,25.26,43.46,0.222,Short_Tail
39.25,21.81,37.18,0.362,Low_Motility
38.14,21.27,18.67,0.23,Short_Tail
35.56,20.57,64.19,0.83,Normal
36.67,26.72,53.44,0.3,Tapered
28.69,19.49,51.4,0.746,Short_Tail
27.09,22.18,46.98,0.949,Tapered
31.98,22.2,28.42,0.575,Short_Tail
30.98,19.99,39.2,0.586,Tapered
29.28,16.51,55.1,0.515,Abnormal
36.18,23.29,32.39,0.393,Normal
37.73,21.76,14.62,0.528,Short_Tail
32.53,24,42.27,0.643,Pyriform
40.87,19.87,43.3,0.987,Tapered
25.15,26.88,46.63,0.944,Tapered
30.84,18.49,53.74,0.876,Pyriform
27.7,28.85,52.65,0.9,Normal
20.8,15.01,48.11,0.521,Tapered
31.5,23.74,59.35,0.692,Normal
31.27,23.9,26.77,0.906,Tapered
41.08,18.82,51.05,0.454,Low_Motility
35.78,23.7,52.52,0.966,Amorphous
25.85,27.12,30.13,0.474,Low_Motility
43.12,13.13,26.97,0.641,Tapered
39.33,24.01,36.05,0.739,Amorphous
35.49,12.03,37.06,0.956,Short_Tail
30.64,18.14,54.04,0.32,Normal
26.24,28.52,37.63,0.772,Tapered
29.77,19.67,34.72,0.569,Abnormal
38.53,17.3,37.66,0.342,Abnormal
43.31,21.21,58.42,0.799,Pyriform
41.26,30.27,45.16,0.597,Abnormal
29.07,14.67,42.85,0.695,Amorphous
25.28,17.79,43.68,0.391,Abnormal
32.85,27.99,60.5,0.533,Abnormal
21.39,29.43,36.01,0.656,Abnormal
33.94,21.59,60.79,0.464,Tapered
31.11,17.04,47.53,0.279,Pyriform
29.2,30.38,43.07,0.965,Normal
22.43,28.38,75.01,0.56,Pyriform
35.08,24.72,32.33,0.761,Amorphous
28.8,18.75,40.76,0.47,Tapered
24.98,21.8,30.21,0.42,Short_Tail
15,21.36,56.43,0.466,Tapered
31.83,23.32,65.27,0.468,Low_Motility
42.63,27.8,65.04,0.59,Abnormal
41.97,25.52,59.69,0.589,Abnormal
29.26,17.69,42.63,0.547,Amorphous
28.39,27.51,40.62,0.221,Short_Tail
34.81,23.25,24.95,0.546,Low_Motility
26.01,24.75,69.43,0.252,Tapered
33.81,27.87,50.63,0.214,Short_Tail
36.6,17.55,39.1,0.939,Normal
39.36,21.86,60.94,0.644,Pyriform
31.4,19.87,33.33,0.694,Tapered
30.78,15.73,49.88,0.462,Short_Tail
26.73,23.39,42.93,0.918,Normal
27.04,32.05,52.66,0.674,Normal
30.64,14.64,44.24,0.792,Low_Motility
34.2,21.87,27.59,0.432,Low_Motility
37.48,24.56,45.91,0.964,Pyriform
27.18,22.49,57.59,0.838,Normal
40.96,21.55,44.65,0.869,Amorphous
30.37,16.8,54.3,0.255,Normal
31.87,22.93,32.45,0.344,Short_Tail
27.52,18.97,44.68,0.357,Low_Motility
17.45,13.24,37.51,0.344,Amorphous
37.3,26.78,53.96,0.87,Low_Motility
36.42,25.83,45.38,0.129,Low_Motility
30.31,22.21,53.28,0.168,Low_Motility
32.4,22.92,58.05,0.347,Normal
35.1,26.3,53.3,0.28,Abnormal
22.62,22.9,48.28,0.309,Normal
28.83,25.62,33.02,0.818,Low_Motility
36.77,20.81,44.97,0.607,Amorphous
24.47,27.25,38.6,0.105,Normal
33.76,23.28,40.87,0.486,Low_Motility
23.86,22.78,40.51,0.467,Low_Motility
34.8,16.92,33.24,0.203,Normal
31.79,23.15,21.51,0.709,Normal
22.31,18.67,36.98,0.732,Amorphous
38.99,19.45,47.32,0.749,Normal
27.59,18.74,28.82,0.756,Pyriform
27.14,17.74,45.19,0.1,Short_Tail
33.2,30.5,67.8,0.959,Pyriform
38.89,27.33,57.28,0.833,Amorphous
25.91,29.68,64.72,0.914,Abnormal
32.37,17.11,49.69,0.114,Pyriform
34.57,22.29,59.01,0.94,Low_Motility
36.16,16.83,36.31,0.829,Short_Tail
33.06,19.22,37.27,0.853,Tapered
29.8,18.33,12.13,0.184,Short_Tail
27.03,26.96,59.23,0.765,Pyriform
32.52,20.42,63.48,0.964,Tapered
25.57,26.27,38.36,0.711,Amorphous
15,24.42,41.95,0.614,Short_Tail
34.62,31.21,35.95,0.951,Abnormal
37.42,16.08,49.59,0.499,Tapered
17.82,27.04,58.5,0.639,Tapered
25.94,26.59,24.09,0.529,Short_Tail
35.71,18.11,49.91,0.94,Pyriform
44.34,26.03,41.68,0.168,Tapered
32.12,23.34,46.36,0.551,Amorphous
27.63,21.09,50.51,0.718,Short_Tail
30.9,18.7,42.74,0.813,Amorphous
40.25,19.12,43.76,0.625,Short_Tail
28.12,30.2,42.43,0.918,Amorphous
27.2,22,56.64,0.948,Pyriform
29.1,25.13,50.03,0.158,Short_Tail
26.28,18.84,47.65,0.462,Low_Motility
32.74,18.88,29.75,0.121,Abnormal
41.75,26.33,40.46,0.396,Pyriform
33.94,16.6,55.78,0.583,Amorphous
30.49,20.34,45.45,0.92,Short_Tail
30.25,22.14,52.91,0.862,Pyriform
22.62,22.45,66.2,0.215,Amorphous
37.3,21.28,57.46,0.184,Normal
31.53,23.58,46.12,0.63,Normal
30.92,24.77,38.87,0.579,Tapered
51.16,24.94,14.36,0.34,Abnormal
33.79,18.06,42.98,0.91,Normal
27.49,20.86,41.09,0.935,Low_Motility
29.44,26.78,49.68,0.462,Amorphous
38.89,25.58,43.15,0.901,Pyriform
32.68,16.51,41.16,0.446,Short_Tail
23.37,23.41,23.65,0.763,Pyriform
37.52,14.09,33.72,0.528,Tapered
27.99,22.19,50.72,0.21,Pyriform
43.24,29.59,65.59,0.935,Normal
38.48,18.21,43.83,0.509,Pyriform
29.32,18.66,48.93,0.761,Normal
39.69,25.06,56.43,0.43,Normal
32.41,15.83,35.27,0.117,Abnormal
37.12,19.47,49.4,0.19,Tapered
34.91,24.39,36.11,0.547,Low_Motility
26.92,19.46,55.38,0.721,Low_Motility
28.14,21.06,46.82,0.401,Amorphous
38.18,24.98,48.58,0.726,Low_Motility
29.99,23.69,35.61,0.729,Normal
29.58,23.07,53.48,0.734,Short_Tail
26.27,20.64,70.02,0.543,Tapered
34.54,23.48,32.91,0.923,Amorphous
44.38,21.51,40.92,0.54,Low_Motility
25.59,23.83,47.78,0.505,Low_Motility
32.15,20.01,54.44,0.279,Short_Tail
40.47,21.27,38.29,0.377,Pyriform
31.52,18.04,11,0.138,Tapered
34.71,21.86,61.31,0.67,Short_Tail
25.63,18.76,54.13,0.324,Low_Motility
34.57,17.54,24.08,0.374,Tapered
30.88,23.03,37.71,0.794,Tapered
37.91,22.85,63.82,0.394,Low_Motility
39.12,25.13,62.37,0.318,Pyriform
47.54,20.28,56.26,0.252,Pyriform
35.48,23.63,42.89,0.797,Low_Motility
33.95,24.2,46,0.217,Tapered
33.17,23.78,43.43,0.508,Short_Tail
29.88,18.7,58.54,0.556,Abnormal
34.03,22.6,34.49,0.719,Normal
30.23,23.46,35.33,0.67,Pyriform
33.01,22.03,57.12,0.83,Low_Motility
39.91,13.65,44.47,0.14,Abnormal
25.96,22.64,61.54,0.367,Pyriform
38.84,30.85,36.94,0.352,Tapered
39.9,20.56,44.34,0.231,Low_Motility
31.29,19.09,33.93,0.36,Abnormal
19.27,23.49,45.09,0.379,Low_Motility
28.35,23.25,27.26,0.57,Short_Tail
39.78,26.77,39.15,0.697,Short_Tail
31.86,16.97,27.76,0.443,Amorphous
26,24.93,53.33,0.748,Normal
28.97,24.36,53.6,0.403,Normal
37.04,21.43,24.24,0.361,Pyriform
35.28,23.35,61.01,0.587,Normal
30.57,26.12,74.97,0.121,Low_Motility
29.8,25.49,45.55,0.172,Low_Motility
29.65,17.43,37.31,0.476,Amorphous
26.47,25.28,78.89,0.949,Short_Tail
41.69,21.74,29.17,0.749,Abnormal
30.07,22.29,45.24,0.179,Abnormal
39.3,22.29,47.16,0.862,Short_Tail
41.13,21.4,61.14,0.759,Tapered
37.99,26.77,49.32,0.65,Short_Tail
29.41,21.67,39.02,0.838,Abnormal
34.42,17.52,33.59,0.464,Pyriform
31.85,20.43,40.9,0.299,Amorphous
26.58,22.71,32.92,0.561,Short_Tail
33.95,26.92,45.57,0.594,Tapered
24.93,24.41,38.23,0.584,Pyriform
39.13,18.6,27.07,0.609,Short_Tail
29.21,31.94,60.06,0.954,Pyriform
33.21,23.06,39.03,0.912,Short_Tail
33.7,27.1,29.78,0.888,Pyriform
30.45,21.39,42.98,0.821,Low_Motility
35.52,24.13,45.82,0.949,Normal
29.15,25.36,24.04,0.189,Pyriform
37.23,26.87,48.98,0.339,Low_Motility
23.92,26.23,32.43,0.546,Normal
32.76,25.49,65.53,0.862,Abnormal
43.63,20.74,51.29,0.555,Normal
26,19.71,40.2,0.773,Pyriform
27.93,23.33,36.06,0.225,Amorphous
35.08,25.73,43.74,0.327,Amorphous
33.08,21.11,52.35,0.759,Abnormal
34.1,26.26,44.69,0.248,Pyriform
34.94,27.81,42.39,0.416,Normal
35.81,18.33,45.7,0.338,Amorphous
38.66,18.65,37.75,0.415,Short_Tail
34.46,21.44,40.88,0.737,Tapered
30.55,23.23,19.97,0.431,Pyriform
36.04,19.9,56.68,0.6,Low_Motility
43.4,27.41,48.59,0.19,Low_Motility
31.2,23.7,35.72,0.825,Short_Tail
26.15,22.16,67.78,0.433,Short_Tail
38.64,16.26,46.04,0.684,Pyriform
31.28,16.74,32.57,0.753,Tapered
18.96,23.12,55.28,0.289,Amorphous
37.08,13.47,49.78,0.896,Tapered
28.79,26.05,49.73,0.655,Abnormal
31.46,21.37,39.89,0.486,Normal
33.99,34.97,50.41,0.264,Normal
33.14,31.23,41.86,0.948,Short_Tail
36.26,21.27,51.67,0.78,Amorphous
29.39,21.57,22.14,0.287,Tapered
35.08,25.98,39.79,0.404,Short_Tail
30.44,28.81,65.67,0.829,Pyriform
36.43,15.45,35.8,0.726,Short_Tail
35.69,14.85,37.75,0.789,Pyriform
26.39,19.51,39.62,0.497,Pyriform
38.52,24.33,30.42,0.745,Abnormal
28.78,23.99,18.5,0.448,Abnormal
36.85,26.28,42.23,0.29,Pyriform
34.2,17.2,46.63,0.669,Amorphous
43.03,12.74,44.37,0.978,Abnormal
30.66,25.43,43.26,0.38,Abnormal
29.9,18.69,45.52,0.515,Normal
31.88,13.93,57.27,0.707,Short_Tail
30.18,22.58,42.71,0.587,Normal
36.8,25.17,38.11,0.859,Amorphous
22.3,21.51,41.63,0.786,Abnormal
25.68,20.17,51.95,0.152,Low_Motility
25.59,21.36,61.94,0.999,Abnormal
37.7,20.52,37.46,0.777,Tapered
42.26,16.61,46.19,0.878,Amorphous
31.37,19.14,49.06,0.686,Low_Motility
30.99,24.09,33.09,0.871,Short_Tail
32.42,23.29,45.25,0.201,Short_Tail
38.97,22.67,27.41,0.413,Low_Motility
26.44,18.02,23.77,0.889,Short_Tail
33.43,21.27,49.4,0.281,Low_Motility
37.85,13.29,40.39,0.17,Amorphous
35.01,22.71,47.43,0.809,Low_Motility
33.14,27.72,44.79,0.852,Low_Motility
38.01,16.1,33.28,0.246,Tapered
15.78,19.66,44.46,0.869,Tapered
36.07,23.32,30.2,0.718,Normal
28.08,27.01,61.69,0.568,Amorphous
21.02,20.21,28.73,0.847,Amorphous
35.07,19.23,42.65,0.477,Tapered
40.24,14.12,32.49,0.275,Pyriform
31.18,22.41,51.85,0.356,Pyriform
37.72,30.17,41.02,0.555,Normal
41.67,23.11,38.78,0.578,Pyriform
39.89,21.91,55.24,0.825,Pyriform
41.84,23.29,45.35,0.812,Pyriform
36.45,21.96,51.2,0.623,Abnormal
32.45,18.75,33.22,0.803,Normal
22.39,25.29,28.14,0.273,Tapered
30.52,22.9,46.29,0.145,Pyriform
26.94,22.07,41.17,0.886,Short_Tail
45.03,18.1,52.52,0.168,Low_Motility
30.94,27.21,44.04,0.322,Abnormal
32.74,24.66,47.46,0.726,Pyriform
35.31,19.79,25.52,0.469,Low_Motility
32.26,26.01,67.66,0.889,Low_Motility
42.17,20.01,43.03,0.368,Abnormal
28.26,18.87,53.37,0.111,Normal
33.17,18.96,34.97,0.371,Short_Tail
27.55,14.92,48.7,0.62,Short_Tail
24.08,23.89,29.37,0.438,Short_Tail
28.33,14.68,50.42,0.581,Pyriform
31.78,17.09,40.73,0.889,Abnormal
29.42,13.7,45.35,0.921,Short_Tail
27.85,21.66,53.38,0.339,Low_Motility
23.56,21.4,30.21,0.516,Low_Motility
31.5,20.69,36.79,0.594,Amorphous
22.97,17.83,50.49,0.954,Amorphous
36.56,17.31,70.18,0.999,Abnormal
32.49,23.86,43.34,0.312,Pyriform
23.25,19.8,52.09,0.754,Pyriform
30.14,23.27,43.72,0.44,Normal
27.49,18.46,68.31,0.107,Normal
33.92,22.72,24.03,0.108,Short_Tail
40.04,27.21,46.14,0.515,Tapered
20.75,24.34,25.49,0.54,Low_Motility
32.69,20.35,14.92,0.12,Normal
31.04,23.03,48.57,0.718,Pyriform
36.03,21.04,46.67,0.365,Low_Motility
33.28,22.03,41.58,0.604,Tapered
27.49,20.7,43.73,0.371,Normal
30.09,21.34,80,0.25,Abnormal
27.22,22.85,41.9,0.466,Amorphous
38.46,18.03,51.12,0.309,Normal
32.13,17.94,37.21,0.581,Normal
43.41,16.45,48.54,0.279,Abnormal
31.64,15.6,42.14,0.558,Pyriform
27.75,17.13,40.07,0.242,Short_Tail
22.92,22.64,66.83,0.704,Abnormal
21.18,18.43,59.13,0.779,Short_Tail
22.5,24.05,46.64,0.199,Normal
33.6,22.14,17.35,0.521,Pyriform
35.05,14.13,40.67,0.164,Tapered
22.51,24.62,77.44,0.638,Normal
37.37,25.24,42.23,0.338,Abnormal
29.1,18.02,58.24,0.575,Tapered
32.88,23.68,62.3,0.566,Amorphous
41.67,18.57,47.63,0.932,Tapered
37.38,22.39,34.9,0.594,Abnormal
30.39,16.94,15.78,0.625,Low_Motility
26.65,14.83,53.21,0.461,Tapered
19.09,20.47,35.22,0.954,Abnormal
27.69,21.51,47.11,0.799,Low_Motility
30.73,20.41,30,0.357,Normal
26.08,17.26,41.82,0.86,Low_Motility
31.21,20.4,45.4,0.489,Pyriform
32.46,23.08,48.22,0.846,Amorphous
30.65,21.82,31.62,0.841,Low_Motility
28.1,22.73,59.36,0.27,Pyriform
33.01,19.32,37.84,0.731,Pyriform
34.65,26.69,24.91,0.362,Pyriform
25.46,17.3,43.69,0.368,Low_Motility
40.47,23.95,45.41,0.367,Abnormal
31.41,26.73,46.93,0.753,Abnormal
32.11,23.92,61.35,0.307,Amorphous
36.25,21.19,42.16,0.101,Abnormal
33.4,19.89,43.56,0.744,Short_Tail
37.72,26.14,31.76,0.254,Abnormal
33.72,16.31,54.85,0.194,Abnormal
28.33,18.12,47.21,0.314,Abnormal
34.17,20.41,39.96,0.442,Normal
25.14,26.95,22.14,0.528,Amorphous
32.65,23.52,62.33,0.14,Short_Tail
31.8,18.13,30.27,0.974,Abnormal
30.75,20.76,37.9,0.744,Amorphous
31.23,19.54,49.3,0.391,Tapered
20.71,19.16,30.64,0.387,Normal
28.71,25.92,27.08,0.504,Low_Motility
32.56,16.51,19.51,0.664,Abnormal
32.96,28.44,53.65,0.232,Short_Tail
25.83,25.31,38.46,0.27,Normal
39.59,26.36,80,0.873,Short_Tail
26.8,20.15,33.07,0.331,Low_Motility
37.82,21.4,33.94,0.442,Low_Motility
34.56,16.27,38.22,0.884,Normal
28.12,19.9,47.92,0.697,Tapered
42.65,23.97,39.36,0.408,Amorphous
24.84,27.18,52.35,0.715,Normal
37.51,17.57,33.26,0.118,Pyriform
38,20.54,28.42,0.762,Low_Motility
27.98,21.39,23.42,0.538,Tapered
40.35,16.42,18.32,0.832,Low_Motility
30.5,24.37,38.78,0.959,Pyriform
33.73,19.1,41.39,0.933,Tapered
33.56,21.22,37.42,0.918,Low_Motility
31.19,20.19,59.92,0.561,Pyriform
36.86,18.84,59.74,0.424,Pyriform
36.76,21.97,40.98,0.519,Low_Motility
21.51,21.14,23.47,0.721,Low_Motility
39.83,20.51,38.2,0.896,Short_Tail
22.03,19.09,37.8,0.286,Normal
38.2,23.28,37.11,0.926,Normal
38.76,28.61,36.63,0.834,Tapered
25.45,22.56,37.16,0.981,Amorphous
29.54,25.98,40.36,0.892,Low_Motility
25.37,16.44,37.37,0.352,Short_Tail
30.71,22.63,47.5,0.195,Normal
30.15,17.61,49.32,0.201,Normal
36.68,16.09,34.07,0.362,Short_Tail
39.86,19.04,60.25,0.653,Abnormal
40.37,26.77,33.24,0.824,Short_Tail
28.63,25.8,25.59,0.909,Normal
30.74,22.97,49.57,0.661,Amorphous
21.9,15.87,35.19,0.105,Abnormal
27.16,21.21,48.86,0.268,Pyriform
37.79,23.21,16.16,0.19,Short_Tail
41.69,22.7,61.71,0.427,Pyriform
24.59,14.62,53.07,0.551,Abnormal
28.45,18.44,26.99,0.139,Abnormal
31.84,21.74,27.25,0.414,Abnormal
33.68,24.15,65.07,0.261,Tapered
27.14,13.22,36.15,0.682,Short_Tail
34.54,21.35,34.99,0.518,Low_Motility
29.16,22.57,17.81,0.546,Amorphous
31.91,25.4,40.79,0.485,Amorphous
35.28,24.77,42.27,0.96,Pyriform
32.04,24.33,53.59,0.293,Pyriform
29.38,18.8,28.21,0.565,Low_Motility
31.34,14.37,26.76,0.762,Pyriform
31.47,20.43,50.41,0.601,Short_Tail
29.78,26.01,57.08,0.936,Normal
30.45,27.57,26.15,0.44,Pyriform
41.59,24.84,57.98,0.517,Abnormal
35.37,23.72,45.45,0.18,Pyriform
30.23,23.52,58.1,0.648,Abnormal
36.18,19.78,44.16,0.359,Tapered
30,21.48,14.73,0.244,Normal
39.04,28.68,43.18,0.59,Normal
34.22,18.23,57.72,0.579,Low_Motility
31.36,28.46,34.28,0.168,Short_Tail
34.69,20.71,40.34,0.728,Short_Tail
22.57,27.3,42.89,0.661,Amorphous
25.24,16.37,10.21,0.27,Tapered
24.84,24.34,65.06,0.522,Low_Motility
32.86,19.05,34.18,0.748,Short_Tail
42.4,16.34,51.07,0.576,Abnormal
45.39,22.87,43.96,0.456,Tapered
35.83,26.04,60.09,0.39,Normal
35.01,18.62,49.87,0.649,Abnormal
21.19,16,42.18,0.945,Low_Motility
28.74,21.63,34.28,0.705,Low_Motility
27.27,21.65,54.57,0.167,Tapered
28.27,24.19,22.52,0.515,Normal
30.99,25.8,52.75,0.902,Short_Tail
29.17,21.76,31.81,0.185,Abnormal
20.12,29.42,60.03,0.99,Abnormal
36.49,22.9,46.94,0.954,Normal
25.56,20.61,52.73,0.17,Abnormal
33.44,15.55,45.98,0.94,Short_Tail
44.44,20.95,23.97,0.427,Short_Tail
26.48,20.65,34.67,0.86,Short_Tail
16.82,25.84,53.07,0.477,Normal
30.28,23.85,47,0.497,Pyriform
38.61,17.28,59.17,0.671,Pyriform
43.75,22.69,49.84,0.797,Low_Motility
24.62,24.69,33.4,0.13,Low_Motility
34.98,28.11,35.45,0.634,Abnormal
29.21,25.55,46.24,0.268,Short_Tail
31.36,25.04,17.23,0.411,Abnormal
47.87,22.24,65.08,0.413,Normal
22.98,23.55,50.3,0.522,Abnormal
33.52,27,59.72,0.401,Amorphous
34.81,16.67,26.03,0.197,Pyriform
38.51,20.6,59.93,0.231,Abnormal
32.59,18.91,71.78,0.13,Abnormal
33.85,23.52,29.15,0.523,Tapered
29.65,26.92,54.26,0.959,Abnormal
33.61,19.61,45.01,0.204,Amorphous
29.94,12.44,26.47,0.952,Pyriform
35.73,20.35,50.91,0.76,Tapered
29.78,25.65,55,0.674,Normal
34.26,24.15,37.79,0.681,Low_Motility
31.82,23.71,58.99,0.844,Normal
38.76,20.88,25,0.196,Pyriform
31.69,16.88,27.06,0.554,Low_Motility
21.36,24.06,46.64,0.727,Normal
39.57,18.66,45.3,0.628,Amorphous
26.57,30.74,36.4,0.85,Abnormal
28.08,24.28,54.72,0.165,Pyriform
28.43,19.68,51.37,0.722,Low_Motility
40.25,19.55,55.3,0.581,Tapered
19.19,21.63,43.52,0.441,Abnormal
50.83,21.04,52.23,0.406,Normal
38.34,26.47,39.65,0.659,Normal
33.34,22.75,69.65,0.902,Tapered
31.67,19.07,35.25,0.547,Amorphous
33.71,29.56,70.26,0.842,Tapered
35.13,22.2,45.42,0.462,Pyriform
35.87,25.08,28.49,0.192,Tapered
35.33,19.57,61.42,0.155,Normal
32.54,23.45,46.51,0.146,Amorphous
30.82,23.24,55.21,0.442,Amorphous
31.09,14.44,59.69,0.404,Short_Tail
30.83,30.06,49.06,0.746,Tapered
38.8,27.16,37.89,0.769,Pyriform
35.56,20.41,56.71,0.146,Normal
15,17.59,45.01,0.299,Abnormal
35.94,23.39,53.23,0.347,Amorphous
33.17,22.35,19.16,0.593,Tapered
31.89,23.42,50.36,0.23,Short_Tail
29.67,22.77,37.34,0.221,Pyriform
38.74,24.02,64.84,0.949,Pyriform
37.69,27.79,52.48,0.824,Low_Motility
27.36,24.27,47.88,0.263,Normal
34.44,17.8,50.84,0.466,Amorphous
26.17,27.45,33.02,0.42,Normal
23.72,28.56,64.48,0.812,Short_Tail
28.24,34.61,68.9,0.559,Abnormal
37.17,17.51,49.71,0.215,Abnormal
37.72,22.97,64.08,0.765,Abnormal
35.08,13.67,38.17,0.457,Pyriform
36.35,24.21,35.43,0.337,Amorphous
35.1,19.81,45.49,0.438,Normal
28.15,29.69,50.22,0.548,Normal
34.59,18.9,40.27,0.409,Short_Tail
36.8,15.24,51.45,0.318,Abnormal
36.53,20.11,48.68,0.459,Amorphous
39.13,14.1,33.02,0.117,Amorphous
36.25,25,51.23,0.795,Short_Tail
34.11,13.74,55.36,0.254,Tapered
38.42,22.11,47.06,0.14,Amorphous
31.84,13.69,58.83,0.688,Amorphous
26.71,20.72,30.39,0.797,Normal
31.02,28.57,50.62,0.832,Short_Tail
27.53,23.44,30.96,0.544,Amorphous
